label,domain,copy,googleAnalytics,scriptTagCount,externalLinkPercentage,noTitle,samePageLinkCount,iframeTagCount,TagCountInHeadTag,noDomainInInternalLink,invalidKiyaku,ipAddressInLink
1,zxcloifsa.cfd,0,0,8,0.8818897637795275,0,3,0,28,1.0,1,0
1,1015amkoi.xyz,0,0,2,0.0,0,0,0,10,1.0,0,0
1,1015aml.com,0,0,2,0.0,0,0,0,10,1.0,0,0
1,111wxd.qhigh.com,0,0,4,0.04929577464788732,0,2,1,43,0.9788732394366197,0,0
1,123beiou.net,0,0,2,0.0,0,0,0,10,1.0,0,0
1,21hospital.net,0,0,2,0.0,0,0,0,10,1.0,0,0
1,4yuatesrp.art,0,0,4,0.0,0,0,0,14,0.8125,0,0
1,56tzdxrwa.art,0,0,4,0.0,0,0,0,14,0.8125,0,0
1,771yhire.cfd,0,0,2,0.0,0,0,0,10,1.0,0,0
1,9oive0.art,0,0,4,0.0,0,0,0,14,0.8125,0,0
1,a2zibiza.com,0,0,3,0.0,0,0,0,11,1.0,0,0
1,abbytai.com,0,0,3,0.07563025210084033,0,3,0,36,1.0,1,0
1,abcbjie.cn,0,0,0,0.0,1,0,0,13,0.9787234042553191,1,0
1,abenkle.com,0,0,3,0.07563025210084033,0,3,0,36,1.0,1,0
1,abrauser.com,0,0,4,0.8888888888888888,0,2,0,19,1.0,1,0
1,acconut.smba.boyan12345.com,0,0,2,1.0,0,4,0,9,1.0,1,0
1,acconut.smba.chashipin.com,0,0,2,1.0,0,4,0,9,1.0,1,0
1,acconut.smba.chengduziyipai.com,0,0,2,1.0,0,4,0,9,1.0,1,0
1,acconut.smba.chengyichao.com,0,0,2,1.0,0,4,0,9,1.0,1,0
1,acconut.smba.cixiaowenhua.com,0,0,2,1.0,0,4,0,9,1.0,1,0
1,acconut.smba.fuentesderubielos.com,0,0,2,1.0,0,4,0,9,1.0,1,0
1,acconut.smba.hongdaotianxia.com,0,0,2,1.0,0,4,0,9,1.0,1,0
1,acconut.smba.italy-lizhong.com,0,0,2,1.0,0,4,0,9,1.0,1,0
1,acconut.smba.jianyudingshui.com,0,0,2,1.0,0,4,0,9,1.0,1,0
1,acconut.smba.mataiyouxi.com,0,0,2,1.0,0,4,0,9,1.0,1,0
1,acconut.smba.miaosihui-sh.com,0,0,2,1.0,0,4,0,9,1.0,1,0
1,acconut.smba.personligpleje.com,0,0,2,1.0,0,4,0,9,1.0,1,0
1,acconut.smba.sunvbuluo.com,0,0,2,1.0,0,4,0,9,1.0,1,0
1,acconut.smba.xizangjunzi.com,0,0,2,1.0,0,4,0,9,1.0,1,0
1,accout.smba.jp.dakelsey.com,0,0,2,1.0,0,4,0,9,1.0,1,0
1,accout.smba.jp.minieventos.com,0,0,2,1.0,0,4,0,9,1.0,1,0
1,accout.smba.jp.mphxw.com,0,0,2,1.0,0,4,0,9,1.0,1,0
1,accout.smba.jp.shandrick.com,0,0,2,1.0,0,4,0,9,1.0,1,0
1,accout.smba.jp.watkantigo.com,0,0,2,1.0,0,4,0,9,1.0,1,0
1,aceomn.co.jp.024soft.cn,0,0,6,1.0,0,2,0,9,1.0,1,0
1,aceomn.co.jp.bhnbacok.cn,0,0,6,1.0,0,2,0,9,1.0,1,0
1,aceomn.co.jp.goodangle.cn,0,0,6,1.0,0,2,0,9,1.0,1,0
1,aceomn.co.jp.grib.cn,0,0,6,1.0,0,2,0,9,1.0,1,0
1,aceomn.co.jp.jyled168.com.cn,0,0,6,1.0,0,2,0,9,1.0,1,0
1,aceomn.co.jp.k3548.cn,0,0,6,1.0,0,2,0,9,1.0,1,0
1,aceomn.co.jp.lankongque.cn,0,0,6,1.0,0,2,0,9,1.0,1,0
1,aceomn.co.jp.lnfhsy.com.cn,0,0,6,1.0,0,2,0,9,1.0,1,0
1,aceomn.co.jp.szcanhui.cn,0,0,6,1.0,0,2,0,9,1.0,1,0
1,aceomn.co.jp.xzhxmy.cn,0,0,6,1.0,0,2,0,9,1.0,1,0
1,aceomn.co.jp.yonglezx.cn,0,0,6,1.0,0,2,0,9,1.0,1,0
1,aceomn.co.jp.z626.cn,0,0,6,1.0,0,2,0,9,1.0,1,0
1,adyui.top,0,0,8,0.0,0,2,0,13,1.0,1,0
1,aeaconn.co.jp.goodangle.cn,0,0,6,1.0,0,2,0,9,1.0,1,0
1,aeaconn.co.jp.grib.cn,0,0,6,1.0,0,2,0,9,1.0,1,0
1,aeaconn.co.jp.hlpn.com.cn,0,0,6,1.0,0,2,0,9,1.0,1,0
1,aeaconn.co.jp.jyled168.com.cn,0,0,6,1.0,0,2,0,9,1.0,1,0
1,aeaconn.co.jp.k3548.cn,0,0,6,1.0,0,2,0,9,1.0,1,0
1,aeaconn.co.jp.lnfhsy.com.cn,0,0,6,1.0,0,2,0,9,1.0,1,0
1,aeaconn.co.jp.sxflgj.cn,0,0,6,1.0,0,2,0,9,1.0,1,0
1,aeaconn.co.jp.vhsfa.cn,0,0,6,1.0,0,2,0,9,1.0,1,0
1,aeaconn.co.jp.xwtoy.cn,0,0,6,1.0,0,2,0,9,1.0,1,0
1,aeaconn.co.jp.xzhxmy.cn,0,0,6,1.0,0,2,0,9,1.0,1,0
1,aeaconn.co.jp.yonglezx.cn,0,0,6,1.0,0,2,0,9,1.0,1,0
1,aeaemn.co.jp.024soft.cn,0,0,6,1.0,0,2,0,9,1.0,1,0
1,aeaemn.co.jp.bhnbacok.cn,0,0,6,1.0,0,2,0,9,1.0,1,0
1,aeaemn.co.jp.hlpn.com.cn,0,0,6,1.0,0,2,0,9,1.0,1,0
1,aeaemn.co.jp.jyled168.com.cn,0,0,6,1.0,0,2,0,9,1.0,1,0
1,aeaemn.co.jp.k3548.cn,0,0,6,1.0,0,2,0,9,1.0,1,0
1,aeaemn.co.jp.lankongque.cn,0,0,6,1.0,0,2,0,9,1.0,1,0
1,aeaemn.co.jp.szcanhui.cn,0,0,6,1.0,0,2,0,9,1.0,1,0
1,aeaemn.co.jp.vhsfa.cn,0,0,6,1.0,0,2,0,9,1.0,1,0
1,aeaemn.co.jp.yonglezx.cn,0,0,6,1.0,0,2,0,9,1.0,1,0
1,aeaemn.co.jp.z626.cn,0,0,6,1.0,0,2,0,9,1.0,1,0
1,aeamon.co.jp.bxjan.com.cn,0,0,6,1.0,0,2,0,9,1.0,1,0
1,aeamon.co.jp.goodangle.cn,0,0,6,1.0,0,2,0,9,1.0,1,0
1,aeamon.co.jp.jyled168.com.cn,0,0,6,1.0,0,2,0,9,1.0,1,0
1,aeamon.co.jp.k3548.cn,0,0,6,1.0,0,2,0,9,1.0,1,0
1,aeamon.co.jp.lnfhsy.com.cn,0,0,6,1.0,0,2,0,9,1.0,1,0
1,aeamon.co.jp.vhsfa.cn,0,0,6,1.0,0,2,0,9,1.0,1,0
1,aeamon.co.jp.xwtoy.cn,0,0,6,1.0,0,2,0,9,1.0,1,0
1,aeamon.co.jp.xzhxmy.cn,0,0,6,1.0,0,2,0,9,1.0,1,0
1,aeamon.co.jp.yonglezx.cn,0,0,6,1.0,0,2,0,9,1.0,1,0
1,aeamon.co.jp.z626.cn,0,0,6,1.0,0,2,0,9,1.0,1,0
1,aeno.co.jp.neptunelive.com.cn,0,0,4,1.0,0,5,0,11,1.0,1,0
1,aeno.co.jp.qidays.cn,0,0,4,1.0,0,5,0,11,1.0,1,0
1,aeno.co.jp.qmsbqw.cn,0,0,2,0.0,0,1,0,9,1.0,1,0
1,aeonfs.owea01.com,0,1,188,0.0,0,1,3,124,1.0,1,0
1,aeonservice.smbcsreive.com,0,1,188,0.0,0,1,3,124,1.0,1,0
1,ahfangshuoo.com,0,0,3,0.0,0,0,0,5,1.0,0,0
1,ahjgkgyl.com,0,0,3,0.0,0,0,0,5,1.0,0,0
1,albanyreal.com,0,0,4,0.25,0,1,0,20,1.0,1,0
1,aleooverp10.sbs,0,0,3,0.0,0,0,0,18,1.0,0,0
1,alvationfrom.youdontcare.com,0,0,4,0.8,0,2,0,22,1.0,1,0
1,amacen.co.jp.bhnbacok.cn,0,0,6,1.0,0,2,0,9,1.0,1,0
1,amacen.co.jp.bxjan.com.cn,0,0,6,1.0,0,2,0,9,1.0,1,0
1,amacen.co.jp.fsaopu.cn,0,0,6,1.0,0,2,0,9,1.0,1,0
1,amacen.co.jp.hlpn.com.cn,0,0,6,1.0,0,2,0,9,1.0,1,0
1,amacen.co.jp.jyled168.com.cn,0,0,6,1.0,0,2,0,9,1.0,1,0
1,amacen.co.jp.k3548.cn,0,0,6,1.0,0,2,0,9,1.0,1,0
1,amacen.co.jp.lankongque.cn,0,0,6,1.0,0,2,0,9,1.0,1,0
1,amacen.co.jp.szcanhui.cn,0,0,6,1.0,0,2,0,9,1.0,1,0
1,amacen.co.jp.yonglezx.cn,0,0,6,1.0,0,2,0,9,1.0,1,0
1,amaenn.co.jp.024soft.cn,0,0,6,1.0,0,2,0,9,1.0,1,0
1,amaenn.co.jp.526an.cn,0,0,6,1.0,0,2,0,9,1.0,1,0
1,amaenn.co.jp.bxjan.com.cn,0,0,6,1.0,0,2,0,9,1.0,1,0
1,amaenn.co.jp.goodangle.cn,0,0,6,1.0,0,2,0,9,1.0,1,0
1,amaenn.co.jp.hlpn.com.cn,0,0,6,1.0,0,2,0,9,1.0,1,0
1,amaenn.co.jp.hnjtzj.com.cn,0,0,6,1.0,0,2,0,9,1.0,1,0
1,amaenn.co.jp.jyled168.com.cn,0,0,6,1.0,0,2,0,9,1.0,1,0
1,amaenn.co.jp.lankongque.cn,0,0,6,1.0,0,2,0,9,1.0,1,0
1,amaenn.co.jp.lnfhsy.com.cn,0,0,6,1.0,0,2,0,9,1.0,1,0
1,amaenn.co.jp.szcanhui.cn,0,0,6,1.0,0,2,0,9,1.0,1,0
1,amaenn.co.jp.vhsfa.cn,0,0,6,1.0,0,2,0,9,1.0,1,0
1,amaenn.co.jp.xwtoy.cn,0,0,6,1.0,0,2,0,9,1.0,1,0
1,amaenn.co.jp.xzhxmy.cn,0,0,6,1.0,0,2,0,9,1.0,1,0
1,amaenn.co.jp.z626.cn,0,0,6,1.0,0,2,0,9,1.0,1,0
1,amaoen.co.jp.024soft.cn,0,0,6,1.0,0,2,0,9,1.0,1,0
1,amaoen.co.jp.526an.cn,0,0,6,1.0,0,2,0,9,1.0,1,0
1,amaoen.co.jp.bhnbacok.cn,0,0,6,1.0,0,2,0,9,1.0,1,0
1,amaoen.co.jp.hlpn.com.cn,0,0,6,1.0,0,2,0,9,1.0,1,0
1,amaoen.co.jp.jyled168.com.cn,0,0,6,1.0,0,2,0,9,1.0,1,0
1,amaoen.co.jp.k3548.cn,0,0,6,1.0,0,2,0,9,1.0,1,0
1,amaoen.co.jp.lankongque.cn,0,0,6,1.0,0,2,0,9,1.0,1,0
1,amaoen.co.jp.lnfhsy.com.cn,0,0,6,1.0,0,2,0,9,1.0,1,0
1,amaoen.co.jp.sxflgj.cn,0,0,6,1.0,0,2,0,9,1.0,1,0
1,amaoen.co.jp.szcanhui.cn,0,0,6,1.0,0,2,0,9,1.0,1,0
1,amaoen.co.jp.xwtoy.cn,0,0,6,1.0,0,2,0,9,1.0,1,0
1,amaoen.co.jp.xzhxmy.cn,0,0,6,1.0,0,2,0,9,1.0,1,0
1,amaoen.co.jp.yonglezx.cn,0,0,6,1.0,0,2,0,9,1.0,1,0
1,amaonz.top,0,0,5,0.8,0,2,0,23,1.0,1,0
1,amazom.mnbvcx.xyz,0,0,4,0.8,0,2,0,22,1.0,1,0
1,amazom.zmnytr.top,0,0,4,0.8,0,2,0,22,1.0,1,0
1,amazon.co.clo04.vip,0,0,5,0.8,0,2,0,23,1.0,1,0
1,amazon.co.mrywen.com,0,0,5,0.8,0,2,0,23,1.0,1,0
1,amazon.co.zoe29.vip,0,0,5,0.8,0,2,0,23,1.0,1,0
1,amazon.co.zue04.vip,0,0,5,0.8,0,2,0,23,1.0,1,0
1,ameiruaia.jxatbfv.cn,0,0,0,0.0,1,0,0,13,0.9787234042553191,1,0
1,ameiruaoq.jggjflight.cn,0,0,0,0.0,1,0,0,13,0.9787234042553191,1,0
1,ameonn.co.jp.grib.cn,0,0,6,1.0,0,2,0,9,1.0,1,0
1,ameonn.co.jp.hlpn.com.cn,0,0,6,1.0,0,2,0,9,1.0,1,0
1,ameonn.co.jp.jyled168.com.cn,0,0,6,1.0,0,2,0,9,1.0,1,0
1,ameonn.co.jp.k3548.cn,0,0,6,1.0,0,2,0,9,1.0,1,0
1,ameonn.co.jp.lankongque.cn,0,0,6,1.0,0,2,0,9,1.0,1,0
1,ameonn.co.jp.lnfhsy.com.cn,0,0,6,1.0,0,2,0,9,1.0,1,0
1,ameonn.co.jp.szcanhui.cn,0,0,6,1.0,0,2,0,9,1.0,1,0
1,ameonn.co.jp.xzhxmy.cn,0,0,6,1.0,0,2,0,9,1.0,1,0
1,ameonn.co.jp.yonglezx.cn,0,0,6,1.0,0,2,0,9,1.0,1,0
1,ameonn.co.jp.z626.cn,0,0,6,1.0,0,2,0,9,1.0,1,0
1,ammine.nwaljoe.cn,0,0,4,0.8,0,2,0,22,1.0,1,0
1,ammnn.hxriie.cn,0,0,4,0.8,0,2,0,22,1.0,1,0
1,amoaz-aouan-co-jp-admin.zegevza.cn,0,0,5,0.8,0,2,0,23,1.0,1,0
1,amoaz-aouan-co-jp.qgctjdt.cn,0,0,5,0.8,0,2,0,23,1.0,1,0
1,amoaz-aouan-co-jp.qxqqzpo.cn,0,0,5,0.8,0,2,0,23,1.0,1,0
1,amzcth.icu,0,0,2,0.0,0,0,0,10,1.0,0,0
1,amzon.co.jp.ahdqgcxy.com,0,0,4,0.8,0,2,0,22,1.0,1,0
1,amzon.co.jp.airbrush-point.com,0,0,4,0.8,0,2,0,22,1.0,1,0
1,amzon.co.jp.centraloregonpetpact.com,0,0,4,0.8,0,2,0,22,1.0,1,0
1,amzone.co.jp.ynnz.net,0,0,5,0.8,0,2,0,23,1.0,1,0
1,annyxlius14.top,0,0,3,0.0,0,0,0,18,1.0,0,0
1,ansemxbsmenad.sfhksgd.cn,0,0,0,0.0,1,0,0,13,0.9787234042553191,1,0
1,ansemxbsmenad.titbzhf.cn,0,0,0,0.0,1,0,0,13,0.9787234042553191,1,0
1,anseoenbsmenad.hibxklp.cn,0,0,0,0.0,1,0,0,13,0.9787234042553191,1,0
1,anseoenbsmenad.qyywqpm.cn,0,0,0,0.0,1,0,0,13,0.9787234042553191,1,0
1,anseoenbsmenad.sndkekz.cn,0,0,0,0.0,1,0,0,13,0.9787234042553191,1,0
1,anseoenbsmenad.usafaab.cn,0,0,0,0.0,1,0,0,13,0.9787234042553191,1,0
1,anseoenbsmenad.uvxdvry.cn,0,0,0,0.0,1,0,0,13,0.9787234042553191,1,0
1,anseoenbsmenad.yrozahw.cn,0,0,0,0.0,1,0,0,13,0.9787234042553191,1,0
1,aop974.com,0,0,5,0.0,0,0,0,14,0.8888888888888888,1,0
1,apple-account.asryugpoq8.com,0,0,0,0.6785714285714286,0,2,1,20,1.0,1,0
1,apple-account.cynthiawedding.com,0,0,0,0.6785714285714286,0,2,1,20,1.0,1,0
1,apple-account.eugenekiltedfirefighters.com,0,0,0,0.6785714285714286,0,2,1,20,1.0,1,0
1,apple-account.fyjingguanshi.com,0,0,0,0.6785714285714286,0,2,1,20,1.0,1,0
1,apple-account.probablyshaofood.com,0,0,0,0.6785714285714286,0,2,1,20,1.0,1,0
1,apple-account.researchsbenthe.com,0,0,0,0.6785714285714286,0,2,1,20,1.0,1,0
1,apple-account.shzhangyue.com,0,0,0,0.6785714285714286,0,2,1,20,1.0,1,0
1,apple-account.svoundtrack.com,0,0,0,0.6785714285714286,0,2,1,20,1.0,1,0
1,apple-account.usuallysdanghim.com,0,0,0,0.6785714285714286,0,2,1,20,1.0,1,0
1,apple-account.weihaojiaju.com,0,0,0,0.6785714285714286,0,2,1,20,1.0,1,0
1,apple-account.zhangshufc.com,0,0,0,0.6785714285714286,0,2,1,20,1.0,1,0
1,appparkb.com,0,0,12,0.25,0,1,0,28,1.0,1,0
1,aqpri.com,0,0,3,0.07563025210084033,0,3,0,36,1.0,1,0
1,asog8vfwasd.art,0,0,4,0.0,0,0,0,14,0.8125,0,0
1,azm-azoun-co-jp.fbwtush.cn,0,0,5,0.8,0,2,0,23,1.0,1,0
1,azm-azoun-co-jp.uhiixda.cn,0,0,5,0.8,0,2,0,23,1.0,1,0
1,azp572.com,0,0,5,0.0,0,0,0,14,0.8888888888888888,1,0
1,bankerskey.com,0,0,3,0.07563025210084033,0,3,0,36,1.0,1,0
1,baozoule.com,0,0,3,0.07563025210084033,0,3,0,36,1.0,1,0
1,bendiyorumki.com,0,0,3,0.07563025210084033,0,3,0,36,1.0,1,0
1,bindagzn.com,0,0,12,0.25,0,1,0,28,1.0,1,0
1,blackmarketimages.com,0,0,4,0.04929577464788732,0,2,1,43,0.9788732394366197,0,0
1,boirdwxd.art,0,0,4,0.0,0,0,0,14,0.8125,0,0
1,bomagg.cn,0,0,4,0.04929577464788732,0,2,1,43,0.9788732394366197,0,0
1,borgovoyages.com,0,0,3,0.07563025210084033,0,3,0,36,1.0,1,0
1,breastlift-westhollywood.com,0,0,6,0.0,1,1,0,17,0.9807692307692307,1,0
1,broccolibro.com,0,0,2,0.75,0,2,0,7,1.0,1,0
1,btwresr34btrv.faqserv.com,0,0,4,0.6666666666666666,0,1,1,14,0.7,1,0
1,buttbongo.com,0,0,4,0.8888888888888888,0,2,0,19,1.0,1,0
1,bybitbj.com,0,0,6,0.0,0,0,0,21,0.1111111111111111,1,0
1,bybyi67.longmusic.com,0,0,4,0.6666666666666666,0,1,1,14,0.7,1,0
1,cdogqiu.com,0,0,3,0.9642857142857143,0,2,0,11,1.0,1,0
1,cenggu.cn,0,0,4,0.8,0,2,0,22,1.0,1,0
1,cgu724.com,0,0,2,0.0,0,0,0,10,1.0,0,0
1,changyuanw.com,0,0,3,0.07563025210084033,0,3,0,36,1.0,1,0
1,chingngaimfy.com,0,0,3,0.07563025210084033,0,3,0,36,1.0,1,0
1,chn418.com,0,0,5,0.0,0,0,0,14,0.8888888888888888,1,0
1,cnheqi.com,0,0,3,0.07563025210084033,0,3,0,36,1.0,1,0
1,cosmeticsurgeryknowledge.com,0,0,6,0.0,1,1,0,17,0.9807692307692307,1,0
1,ctrhn.com,0,0,3,0.07563025210084033,0,3,0,36,1.0,1,0
1,curbadaptors.com,0,0,0,0.0,0,0,0,9,1.0,0,0
1,cyjfsy.com,0,0,6,1.0,0,2,0,20,1.0,1,0
1,dcookingzhe.com,0,0,3,0.9642857142857143,0,2,0,11,1.0,1,0
1,dfurnituremang.com,0,0,3,0.9642857142857143,0,2,0,11,1.0,1,0
1,dienhoaxunghe.com,0,0,3,0.0,0,0,0,11,1.0,0,0
1,direct.banking-smbc.is,0,0,1,0.8571428571428571,0,2,0,5,1.0,1,0
1,doohapps.com,0,0,3,0.07563025210084033,0,3,0,36,1.0,1,0
1,dqwghtehgs.serveuser.com,0,0,7,0.0,0,0,0,20,0.8421052631578947,1,0
1,drfacx552.com,0,0,5,0.0,0,0,0,14,0.8888888888888888,1,0
1,drfacx732.com,0,0,5,0.0,0,0,0,14,0.8888888888888888,1,0
1,drive4dreams.com,0,0,3,0.0,0,0,0,11,1.0,0,0
1,duotaimold.com,0,0,3,0.07563025210084033,0,3,0,36,1.0,1,0
1,dwqgrefaf.toythieves.com,0,0,4,0.6666666666666666,0,1,1,14,0.7,1,0
1,dwqgrefas.wikaba.com,0,0,4,0.6666666666666666,0,1,1,14,0.7,1,0
1,dwqhtrgds.2waky.com,0,0,4,0.6666666666666666,0,1,1,14,0.7,1,0
1,dwqhtrhe.mrbasic.com,0,0,4,0.6666666666666666,0,1,1,14,0.7,1,0
1,dwqnjrgds.sexidude.com,0,0,4,0.6666666666666666,0,1,1,14,0.7,1,0
1,dyawrhxusqd0212.com,0,0,5,0.0,0,0,0,14,0.8888888888888888,1,0
1,dzgethgafs.organiccrap.com,0,0,4,0.6666666666666666,0,1,1,14,0.7,1,0
1,eatricorio8.sbs,0,0,3,0.0,0,0,0,18,1.0,0,0
1,economic-economics.otzo.com,0,0,4,0.8,0,2,0,22,1.0,1,0
1,ectkakjsg.xyz,0,0,5,0.0,0,0,0,17,0.7857142857142857,0,0
1,effectively-effort.jungleheart.com,0,0,4,0.8,0,2,0,22,1.0,1,0
1,efgboyyafpcch.com,0,0,3,0.3125,1,1,0,6,1.0,1,0
1,egeckjy.top,0,0,8,0.0,0,2,0,13,1.0,1,0
1,eki-nat.accout.coach-forme.com,1,0,0,0.9148936170212766,0,3,2,13,1.0,1,0
1,eki-nat.accout.itsokaytobealoser.com,1,0,0,0.9148936170212766,0,3,2,13,1.0,1,0
1,eki-nat.com.shopp4p.com,1,0,0,0.9148936170212766,0,3,2,13,1.0,1,0
1,eki-nrtcom.lwkaituo.cn,1,0,0,0.9148936170212766,0,3,2,13,1.0,1,0
1,eki-nrtcom.m3jo.com,1,0,0,0.9148936170212766,0,3,2,13,1.0,1,0
1,eki-nwtcom.bl187.com,1,0,0,0.9148936170212766,0,3,2,13,1.0,1,0
1,eki-nwtcom.desdeelsurnoticias.com,1,0,0,0.9148936170212766,0,3,2,13,1.0,1,0
1,eki-nwtcom.internetservicenews.com,1,0,0,0.9148936170212766,0,3,2,13,1.0,1,0
1,eki-nwtcom.khmermovie1685.com,1,0,0,0.9148936170212766,0,3,2,13,1.0,1,0
1,eki-nwtcom.nkengfrom.com,1,0,0,0.9148936170212766,0,3,2,13,1.0,1,0
1,eki-nwtcom.stankoservis-grodno.com,1,0,0,0.9148936170212766,0,3,2,13,1.0,1,0
1,eki.51clzl.com,0,0,4,0.9772727272727273,0,3,0,25,1.0,1,0
1,eki.51liaomei.com,0,0,4,0.9772727272727273,0,3,0,25,1.0,1,0
1,eki.alphaartai.com,0,0,4,0.9772727272727273,0,3,0,25,1.0,1,0
1,eki.alphabrainai.com,0,0,4,0.9772727272727273,0,3,0,25,1.0,1,0
1,ekicomjp.fsnb2.com,1,0,0,0.9148936170212766,0,3,2,13,1.0,1,0
1,ekicomjp.fsxzapp.com,1,0,0,0.9148936170212766,0,3,2,13,1.0,1,0
1,ekicomjp.lordcharity.com,1,0,0,0.9148936170212766,0,3,2,13,1.0,1,0
1,eneloplinr7.sbs,0,0,3,0.0,0,0,0,18,1.0,0,0
1,enniferyau3.buzz,0,0,3,0.0,0,0,0,18,1.0,0,0
1,enurverv79.instanthq.com,0,0,4,0.04929577464788732,0,2,1,43,0.9788732394366197,0,0
1,eobaldnlye1.buzz,0,0,3,0.0,0,0,0,18,1.0,0,0
1,epocard.co.jp.aldqqao.cn,0,0,6,0.0,1,1,0,20,0.9772727272727273,1,0
1,epocard.co.jp.brlfcnb.cn,0,0,6,0.0,1,1,0,20,0.9772727272727273,1,0
1,epocard.co.jp.fanjiaoyiii02.cn,0,0,6,0.0,1,1,0,20,0.9772727272727273,1,0
1,epocard.co.jp.fayuns.cn,0,0,6,0.0,1,1,0,20,0.9772727272727273,1,0
1,epocard.co.jp.hljbme.cn,0,0,6,0.0,1,1,0,20,0.9772727272727273,1,0
1,epocard.co.jp.liupinyannn02.cn,0,0,6,0.0,1,1,0,20,0.9772727272727273,1,0
1,epocard.co.jp.liuyan52.cn,0,0,6,0.0,1,1,0,20,0.9772727272727273,1,0
1,epocard.co.jp.rudongrc.cn,0,0,6,0.0,1,1,0,20,0.9772727272727273,1,0
1,epocard.co.jp.ujord.cn,0,0,6,0.0,1,1,0,20,0.9772727272727273,1,0
1,epocard.co.jp.wkouzgw.cn,0,0,6,0.0,1,1,0,20,0.9772727272727273,1,0
1,epocard.co.jp.yananxue.cn,0,0,6,0.0,1,1,0,20,0.9772727272727273,1,0
1,epocard.co.jp.yayat.cn,0,0,6,0.0,1,1,0,20,0.9772727272727273,1,0
1,ervnuoerv79erv.itsaol.com,0,0,4,0.6666666666666666,0,1,1,14,0.7,1,0
1,ervnuoerv79erve.jungleheart.com,0,0,4,0.6666666666666666,0,1,1,14,0.7,1,0
1,ervnuoerv7btwrv9.itsaol.com,0,0,4,0.6666666666666666,0,1,1,14,0.7,1,0
1,etcmeisaifg.hkjuvqy.cn,0,0,8,0.0,0,0,0,19,0.9696969696969697,1,0
1,evrnueor79.faqserv.com,0,0,3,0.0,0,0,0,13,0.7692307692307693,1,0
1,eza613.com,0,0,6,0.0,1,1,0,17,0.9807692307692307,1,0
1,ezwalldecals.com,0,0,3,0.0,0,0,0,11,1.0,0,0
1,fdl210.com,0,0,3,0.0,0,0,0,11,1.0,0,0
1,fdshtrjd.serveuser.com,0,0,7,0.0,0,0,0,20,0.8421052631578947,1,0
1,fehtegfsakk.yourtrap.com,0,0,4,0.6666666666666666,0,1,1,14,0.7,1,0
1,fenapas.xyz,0,0,5,0.9248554913294798,0,5,0,26,0.8333333333333334,0,0
1,fewjyrjs.dumb1.com,0,0,4,0.6666666666666666,0,1,1,14,0.7,1,0
1,fhjtrgfsa.zzux.com,0,0,4,0.6666666666666666,0,1,1,14,0.7,1,0
1,fhsfda4t.ssmailer.com,0,0,7,0.0,0,0,0,20,0.8421052631578947,1,0
1,fmp281.com,0,0,5,0.0,0,0,0,14,0.8888888888888888,1,0
1,fnkhtxf.cn,0,0,0,0.0,1,0,0,13,0.9787234042553191,1,0
1,fnn45zbf.art,0,0,4,0.0,0,0,0,14,0.8125,0,0
1,fns851.com,0,0,6,0.0,1,1,0,17,0.9807692307692307,1,0
1,foc247.com,0,0,3,0.0,0,0,0,11,1.0,0,0
1,fopxsny.cn,0,0,0,0.0,1,0,0,13,0.9787234042553191,1,0
1,funnytell.com,0,0,4,0.25,0,1,0,20,1.0,1,0
1,gbgd84wqas.art,0,0,4,0.0,0,0,0,14,0.8125,0,0
1,geccosat.com,0,0,3,0.07563025210084033,0,3,0,36,1.0,1,0
1,geekforhim.com,0,0,3,0.07563025210084033,0,3,0,36,1.0,1,0
1,getthemix.com,0,0,12,0.25,0,1,0,28,1.0,1,0
1,gguvetg.cn,0,0,0,0.0,1,0,0,13,0.9787234042553191,1,0
1,ghysy.cn,0,0,4,0.04929577464788732,0,2,1,43,0.9788732394366197,0,0
1,gifts4ap.com,0,0,3,0.0,0,0,0,11,1.0,0,0
1,gihkpn.com,0,0,3,1.0,0,1,2,12,1.0,1,0
1,gkdsamd66.art,0,0,4,0.04929577464788732,0,2,1,43,0.9788732394366197,0,0
1,go-amazn-ouan-co-jp.xcxjeet.cn,0,0,5,0.8,0,2,0,23,1.0,1,0
1,go-azamna-ouan-co-jp.eydbqqe.cn,0,0,5,0.8,0,2,0,23,1.0,1,0
1,go-azamna-ouan-co-jp.hzywf.cn,0,0,5,0.8,0,2,0,23,1.0,1,0
1,gogo-azamna-ouan-co-jp.uytmwhh.cn,0,0,5,0.8,0,2,0,23,1.0,1,0
1,golffams.com,0,0,3,0.07563025210084033,0,3,0,36,1.0,1,0
1,goto-azamna-ouan-co-jp.nobedjd.cn,0,0,5,0.8,0,2,0,23,1.0,1,0
1,goto-azamna-ouan-co-jp.oslgyvi.cn,0,0,5,0.8,0,2,0,23,1.0,1,0
1,greatwall371.com,0,0,3,0.0,0,0,0,11,1.0,0,0
1,gsmdvd.com,0,0,2,0.75,0,2,0,7,1.0,1,0
1,guxs.04180418.com,1,0,0,0.9148936170212766,0,3,2,13,1.0,1,0
1,halitonga.com,0,0,12,0.25,0,1,0,28,1.0,1,0
1,hanyumc.com,0,0,6,1.0,0,2,0,20,1.0,1,0
1,hbhlqc8.com,0,0,3,0.0,0,0,0,11,1.0,0,0
1,hbsrtrw.misecure.com,0,0,7,0.0,0,0,0,20,0.8421052631578947,1,0
1,hbwhfmdc.com,0,0,3,0.07563025210084033,0,3,0,36,1.0,1,0
1,hedaa.cfd,0,0,2,0.0,0,0,0,10,1.0,0,0
1,hedii.cfd,0,0,2,0.0,0,0,0,10,1.0,0,0
1,hedoo.cfd,0,0,2,0.0,0,0,0,10,1.0,0,0
1,hedyy.cfd,0,0,2,0.0,0,0,0,10,1.0,0,0
1,hf419.com,0,0,3,0.0,0,0,0,11,1.0,0,0
1,hillakatki.com,0,0,4,0.8888888888888888,0,2,0,19,1.0,1,0
1,hmyxebg.cn,0,0,0,0.0,1,0,0,13,0.9787234042553191,1,0
1,hnaoppai.com,0,0,3,0.07563025210084033,0,3,0,36,1.0,1,0
1,hongfeiyo.com,0,0,3,0.07563025210084033,0,3,0,36,1.0,1,0
1,hongnankj.com,0,0,3,0.07563025210084033,0,3,0,36,1.0,1,0
1,host-xauthoritative.mrbonus.com,0,0,4,0.8,0,2,0,22,1.0,1,0
1,houdawater.com,0,0,1,0.07142857142857142,0,1,2,9,1.0,0,0
1,hppts-okx.com,0,1,101,0.7364341085271318,0,3,1,87,1.0,1,0
1,htrhfsgd.onedumb.com,0,0,4,0.04929577464788732,0,2,1,43,0.9788732394366197,0,0
1,hungfookfood.com,0,0,3,1.0,0,1,2,12,1.0,1,0
1,hut104.com,0,0,6,0.0,1,1,0,17,0.9807692307692307,1,0
1,ijgkjh.top,0,0,8,0.0,0,2,0,13,1.0,1,0
1,in-anamzan-aouan-co-jp.lvqzpra.cn,0,0,5,0.8,0,2,0,23,1.0,1,0
1,in-anamzan-aouan-co-jp.xiqingji99.cn,0,0,5,0.8,0,2,0,23,1.0,1,0
1,info-amoaz-aouan-co-jp.cvlhgbf.cn,0,0,5,0.8,0,2,0,23,1.0,1,0
1,ingll.cfd,0,0,2,0.0,0,0,0,10,1.0,0,0
1,ingoo.cfd,0,0,2,0.0,0,0,0,10,1.0,0,0
1,irkbemvkxhtxe.com,0,0,3,0.3125,1,1,0,6,1.0,1,0
1,itkhmg.com,0,0,3,0.07563025210084033,0,3,0,36,1.0,1,0
1,iuh794.com,0,0,5,0.0,0,0,0,14,0.8888888888888888,1,0
1,jcbcardn.tokyo,0,0,25,0.9333333333333333,0,2,0,35,1.0,1,0
1,jhtfodo.cn,0,0,0,0.0,1,0,0,13,0.9787234042553191,1,0
1,jhwjzp.com,0,0,3,0.07563025210084033,0,3,0,36,1.0,1,0
1,jiangshigouwu.com,0,0,3,0.0,0,0,0,11,1.0,0,0
1,jkgkuig.top,0,0,8,0.0,0,2,0,13,1.0,1,0
1,jkrttqx.cn,0,0,8,0.0,0,0,0,19,0.9696969696969697,1,0
1,jlmin.buzz,0,0,3,0.0,0,0,0,10,1.0,1,0
1,joannmears.com,0,0,6,0.0,1,1,0,17,0.9807692307692307,1,0
1,jpekcom.changshachongqing2.com,1,0,0,0.9148936170212766,0,3,2,13,1.0,1,0
1,jpekicom.syyihe.com,1,0,0,0.9148936170212766,0,3,2,13,1.0,1,0
1,jthfghgdsfas.jungleheart.com,0,0,4,0.6666666666666666,0,1,1,14,0.7,1,0
1,jvwlpxxyuavja.com,0,0,5,0.0,0,0,0,14,0.8888888888888888,1,0
1,jytrfp.top,0,0,8,0.0,0,2,0,13,1.0,1,0
1,jzrobots.com,0,0,12,0.25,0,1,0,28,1.0,1,0
1,kaijials.com,0,0,3,1.0,0,1,2,12,1.0,1,0
1,kegongtanye.com,0,0,3,0.07563025210084033,0,3,0,36,1.0,1,0
1,keppninni.com,0,0,3,0.07563025210084033,0,3,0,36,1.0,1,0
1,ket59.com,0,0,5,0.0,0,0,0,14,0.8888888888888888,1,0
1,kezrusahi3.etpeco.innovast.cn,0,0,15,1.0,0,1,0,22,1.0,1,0
1,kigewqagqq.art,0,0,4,0.04929577464788732,0,2,1,43,0.9788732394366197,0,0
1,kj719.cn,0,0,2,1.0,0,4,0,9,1.0,1,0
1,kodericei.ink,0,0,4,0.27586206896551724,0,1,0,19,1.0,1,0
1,kpkpse.cn,0,0,0,0.0,1,0,0,13,0.9787234042553191,1,0
1,kubrzay.cn,0,0,8,0.0,0,0,0,19,0.9696969696969697,1,0
1,kuerenankaycceto.co.jp.03940394.cn,0,0,3,0.0,0,2,0,8,1.0,1,0
1,kuerenankaycceto.co.jp.97zq.cn,0,0,3,0.0,0,2,0,8,1.0,1,0
1,kuerenankaycceto.co.jp.grtools.cn,0,0,3,0.0,0,2,0,8,1.0,1,0
1,kuerenankaycceto.co.jp.yejiewang.cn,0,0,3,0.0,0,2,0,8,1.0,1,0
1,kuereneakaycaeto.co.jp.97zq.cn,0,0,3,0.0,0,2,0,8,1.0,1,0
1,kuerenenkaycaeto.co.jp.grtools.cn,0,0,3,0.0,0,2,0,8,1.0,1,0
1,kueronaakayacetn.co.jp.szplastic4.com.cn,0,0,3,0.0,0,2,0,8,1.0,1,0
1,kueroneakayaaetn.co.jp.fjzzyy.cn,0,0,3,0.0,0,2,0,8,1.0,1,0
1,kueroneekayaaetn.co.jp.grtools.cn,0,0,3,0.0,0,2,0,8,1.0,1,0
1,kueroneekaycaetn.co.jp.97zq.cn,0,0,3,0.0,0,2,0,8,1.0,1,0
1,kueroneekaycaetn.co.jp.ntbsjx.com.cn,0,0,3,0.0,0,2,0,8,1.0,1,0
1,kueroneekaycaetn.co.jp.syyunfa.cn,0,0,3,0.0,0,2,0,8,1.0,1,0
1,kuronekoyamato.top,0,0,1,0.0,0,2,0,7,1.0,1,0
1,kuyjghd.isasecret.com,0,0,7,0.0,0,0,0,20,0.8421052631578947,1,0
1,kyhmra.com,0,0,3,0.07563025210084033,0,3,0,36,1.0,1,0
1,l6qp9i.xyz,0,0,2,0.0,0,0,0,10,1.0,0,0
1,l7fsfdypp.art,0,0,4,0.04929577464788732,0,2,1,43,0.9788732394366197,0,0
1,lacabezacr.com,0,0,3,0.07563025210084033,0,3,0,36,1.0,1,0
1,laispatricia.com,0,0,4,0.25,0,1,0,20,1.0,1,0
1,laprhdedxqbfe.com,0,0,3,0.3125,1,1,0,6,1.0,1,0
1,lc1scsy.art,0,0,4,0.04929577464788732,0,2,1,43,0.9788732394366197,0,0
1,ledcanpin.com,0,0,3,0.07563025210084033,0,3,0,36,1.0,1,0
1,lennonlaricciandtheleftovers.com,0,0,6,0.0,1,1,0,17,0.9807692307692307,1,0
1,liluno.com,0,0,3,0.07563025210084033,0,3,0,36,1.0,1,0
1,liposuction-westhollywood.com,0,0,6,0.0,1,1,0,17,0.9807692307692307,1,0
1,ljqnrqvyzfeli.com,0,0,3,0.3125,1,1,0,6,1.0,1,0
1,llc6fwqeb.art,0,0,4,0.04929577464788732,0,2,1,43,0.9788732394366197,0,0
1,login.microsoftonline.com.office.mnm-o365-onedrive.mahindra.myshn.net,0,0,11,0.0,0,1,0,32,0.1111111111111111,1,0
1,lonesomevapors.com,0,0,2,0.0,0,0,0,10,1.0,0,0
1,long548.com,0,0,3,0.0,0,0,0,11,1.0,0,0
1,lowcostibiza.com,0,0,4,0.25,0,1,0,20,1.0,1,0
1,m2dfh0hm.xyz,0,0,3,0.8,0,2,1,20,0.7272727272727273,1,0
1,megautostore.com,0,0,6,0.0,1,1,0,17,0.9807692307692307,1,0
1,melissagliebe.com,0,0,4,0.25,0,1,0,20,1.0,1,0
1,metaversecc0.com,0,0,4,0.8,0,2,0,22,1.0,1,0
1,miaingram.com,0,0,12,0.25,0,1,0,28,1.0,1,0
1,mlit-kankocho.zhongpinggene.com,0,0,0,0.6666666666666666,0,2,0,6,1.0,1,0
1,mn5r3ewu42.art,0,0,4,0.04929577464788732,0,2,1,43,0.9788732394366197,0,0
1,msnf5h.art,0,0,4,0.0,0,0,0,14,0.8125,0,0
1,multiservnet.com,0,0,0,0.0,0,0,0,4,1.0,1,0
1,my.netfilm-info.com,0,0,2,0.0,0,0,0,6,1.0,1,0
1,mylcourse.com,0,0,3,0.07563025210084033,0,3,0,36,1.0,1,0
1,mynembercard.point.soumu.jo.ezxbve.cn,0,0,3,0.0,0,0,0,10,1.0,0,0
1,mynembercard.point.soumu.jo.ujdggq.cn,0,0,3,0.0,0,0,0,10,1.0,0,0
1,mynumbercard-point-go-sounu.com,0,0,3,0.0,0,0,0,11,1.0,0,0
1,namphatwtc.com,0,0,3,0.07563025210084033,0,3,0,36,1.0,1,0
1,ndgfesr.itsaol.com,0,0,4,0.6666666666666666,0,1,1,14,0.7,1,0
1,neu508.com,0,0,5,0.0,0,0,0,14,0.8888888888888888,1,0
1,newyorknewyorkrealestate.com,0,0,6,0.0,1,1,0,17,0.9807692307692307,1,0
1,ng4b2z.xyz,0,0,3,0.8,0,2,1,20,0.7272727272727273,1,0
1,nhu138.com,0,0,6,0.0,1,1,0,17,0.9807692307692307,1,0
1,niz0tefd5m.art,0,0,4,0.0,0,0,0,14,0.8125,0,0
1,nnlogo.com,0,0,3,0.07563025210084033,0,3,0,36,1.0,1,0
1,no3crmerew.art,0,0,4,0.0,0,0,0,14,0.8125,0,0
1,nofqhn.xyz,0,0,5,0.0,0,0,0,18,0.7857142857142857,0,0
1,nrebrtv534w3.wikaba.com,0,0,4,0.6666666666666666,0,1,1,14,0.7,1,0
1,ntt-dccard.tokyo,0,0,11,1.0,0,1,1,30,0.0,1,0
1,nuc216.com,0,0,6,0.0,1,1,0,17,0.9807692307692307,1,0
1,nuweonvr79.jungleheart.com,0,0,4,0.6666666666666666,0,1,1,14,0.7,1,0
1,nz579.com,0,0,31,0.0546875,0,2,1,67,1.0,1,0
1,o1c3wew1ua.art,0,0,4,0.04929577464788732,0,2,1,43,0.9788732394366197,0,0
1,o3p4fsdfb.xyz,0,0,4,0.9248554913294798,0,5,0,19,0.8333333333333334,0,0
1,odferraigi6.sbs,0,0,3,0.0,0,0,0,18,1.0,0,0
1,oeeptju.cn,0,0,0,0.0,1,0,0,13,0.9787234042553191,1,0
1,onamae-com-secure-onamae.h6743t.com,0,0,4,0.012987012987012988,0,1,0,5,1.0,0,0
1,onishishokko.com,0,0,4,0.25,0,1,0,20,1.0,1,0
1,optimcons.com,0,0,3,0.07563025210084033,0,3,0,36,1.0,1,0
1,originalfratboysofcomedy.com,0,0,6,0.0,1,1,0,17,0.9807692307692307,1,0
1,otcahgxd.xyz,0,0,5,0.0,0,0,0,17,0.7857142857142857,0,0
1,ourlivingtree.com,0,0,3,0.0,0,0,0,11,1.0,0,0
1,pdbu.cn,0,0,2,0.0,0,0,7,12,1.0,0,0
1,phathuydaidao.com,0,0,3,0.0,0,0,0,11,1.0,0,0
1,planeteinox.com,0,0,0,0.0,0,0,0,9,1.0,0,0
1,points.japan-lovepe-go.101sluts.com,0,0,3,0.0,0,0,0,11,1.0,0,0
1,points.japan-lovepe-go.4wsswcl21.top,0,0,3,0.0,0,0,0,11,1.0,0,0
1,points.japan-lovepe-go.8slwwsc21.top,0,0,3,0.0,0,0,0,11,1.0,0,0
1,points.japan-lovepe-go.91srsic21.top,0,0,3,0.0,0,0,0,11,1.0,0,0
1,points.japan-lovepe-go.c6sswc221.top,0,0,3,0.0,0,0,0,11,1.0,0,0
1,points.japan-lovepe-go.disideos1.top,0,0,3,0.0,0,0,0,11,1.0,0,0
1,points.japan-lovepe-go.eddie20000.com,0,0,3,0.0,0,0,0,11,1.0,0,0
1,points.japan-lovepe-go.fc3ssscs1.top,0,0,3,0.0,0,0,0,11,1.0,0,0
1,points.japan-lovepe-go.hairsalon105.com,0,0,3,0.0,0,0,0,11,1.0,0,0
1,polcomp3.com,0,0,3,0.0,0,0,0,11,1.0,0,0
1,prnpain.com,0,0,12,0.25,0,1,0,28,1.0,1,0
1,pt8rto.org,0,0,2,0.0,0,0,0,7,1.0,0,0
1,pyxzdz.com,0,0,3,0.07563025210084033,0,3,0,36,1.0,1,0
1,q30kwdsdaqu.art,0,0,4,0.04929577464788732,0,2,1,43,0.9788732394366197,0,0
1,qclydwqdag9.art,0,0,4,0.04929577464788732,0,2,1,43,0.9788732394366197,0,0
1,qiquankaihu.com,0,0,6,1.0,0,2,0,20,1.0,1,0
1,qmfo5c5.art,0,0,4,0.04929577464788732,0,2,1,43,0.9788732394366197,0,0
1,qnddsa945.xyz,0,0,2,0.0,0,0,0,10,1.0,0,0
1,qyywqpm.cn,0,0,0,0.0,1,0,0,13,0.9787234042553191,1,0
1,r82d3x.art,0,0,4,0.0,0,0,0,14,0.8125,0,0
1,rc724.com,0,0,3,0.0,0,0,0,11,1.0,0,0
1,rekutan.co.jp.9liannet.com,0,0,2,0.25,0,1,0,8,1.0,1,0
1,rewindblog.com,0,0,4,0.8888888888888888,0,2,0,19,1.0,1,0
1,rexdalagan.com,0,0,3,0.07563025210084033,0,3,0,36,1.0,1,0
1,royalcitymodelrailroaders.com,0,0,6,0.0,1,1,0,17,0.9807692307692307,1,0
1,rpgworld2blog.com,0,0,3,0.0,0,0,0,11,1.0,0,0
1,rsvs.horizonhiphop.com,1,0,0,0.9148936170212766,0,3,2,13,1.0,1,0
1,rt325.cn,0,0,2,1.0,0,4,0,9,1.0,1,0
1,rthallesxs2.buzz,0,0,3,0.0,0,0,0,18,1.0,0,0
1,rtholomeno4.buzz,0,0,3,0.0,0,0,0,18,1.0,0,0
1,runrunsneakers.com,0,0,3,0.07563025210084033,0,3,0,36,1.0,1,0
1,sam.useruroon.com,0,0,3,0.0,0,6,0,6,1.0,1,0
1,sapphiceroticaexclusive.com,0,0,6,0.0,1,1,0,17,0.9807692307692307,1,0
1,satellite-satisfaction.mylftv.com,1,0,0,0.8,0,2,0,7,1.0,1,0
1,shibafu-school.com,0,0,0,1.0,1,2,1,3,1.0,1,0
1,shperta.com,0,0,3,0.07563025210084033,0,3,0,36,1.0,1,0
1,smartonie.top,0,0,3,0.9642857142857143,0,2,0,11,1.0,1,0
1,smartonre.xyz,0,0,3,0.9642857142857143,0,2,0,11,1.0,1,0
1,smbc-abmm.shop,0,0,2,0.0,1,4,0,27,1.0,0,0
1,smbc-bhbhj.shop,0,0,2,0.0,1,4,0,27,1.0,0,0
1,smbc-dysb.shop,0,0,2,0.0,1,4,0,27,1.0,0,0
1,smbc-eahj.shop,0,0,2,0.0,1,4,0,27,1.0,0,0
1,smbc-jyen.shop,0,0,2,0.0,1,4,0,27,1.0,0,0
1,smbc-ldjs.shop,0,0,2,0.0,1,4,0,27,1.0,0,0
1,smbc-mnb33.shop,0,0,2,0.0,0,10,0,27,1.0,0,0
1,smbc-sakr.shop,0,0,2,0.0,1,4,0,27,1.0,0,0
1,smbc-sgrhd.shop,0,0,2,0.0,0,10,0,27,1.0,0,0
1,smbc-shih.shop,0,0,2,0.0,1,4,0,27,1.0,0,0
1,smbc-skdj.shop,0,0,2,0.0,0,10,0,27,1.0,0,0
1,smbc-ukuk01.shop,0,0,2,0.0,1,4,0,27,1.0,0,0
1,smbc-ukuk02.shop,0,0,2,0.0,1,4,0,27,1.0,0,0
1,smbc-ukuk03.shop,0,0,2,0.0,1,4,0,27,1.0,0,0
1,smbc-ukuk04.shop,0,0,2,0.0,1,4,0,27,1.0,0,0
1,smbc-yako.shop,0,0,2,0.0,1,4,0,27,1.0,0,0
1,spacecoastmedicalassociates.com,0,0,6,0.0,1,1,0,17,0.9807692307692307,1,0
1,sqttfg.4pu.com,0,0,4,0.04929577464788732,0,2,1,43,0.9788732394366197,0,0
1,stampsersuit.shop,0,0,4,0.8,0,2,0,22,1.0,1,0
1,sterersert9.sbs,0,0,3,0.0,0,0,0,18,1.0,0,0
1,stevebuelforschoolboard.com,0,0,6,0.0,1,1,0,17,0.9807692307692307,1,0
1,su8uwd.art,0,0,4,0.0,0,0,0,14,0.8125,0,0
1,suan-ming.com,0,0,3,0.07563025210084033,0,3,0,36,1.0,1,0
1,szyishikang.com,0,0,6,1.0,0,2,0,20,1.0,1,0
1,tassioazambuja.com,0,0,6,0.0,1,1,0,17,0.9807692307692307,1,0
1,tdnayv.com,0,0,0,0.0,0,0,0,9,1.0,0,0
1,tepcesca.sbs,0,0,3,0.0,0,0,0,7,1.0,1,0
1,tepcescb.sbs,0,0,3,0.0,0,0,0,7,1.0,1,0
1,tepcescbgroup.sbs,0,0,3,0.0,0,0,0,7,1.0,1,0
1,tepcescbonline.sbs,0,0,3,0.0,0,0,0,7,1.0,1,0
1,tepcescc.sbs,0,0,3,0.0,0,0,0,7,1.0,1,0
1,tepcesccgroup.sbs,0,0,3,0.0,0,0,0,7,1.0,1,0
1,tepcescconline.sbs,0,0,3,0.0,0,0,0,7,1.0,1,0
1,tepcescd.sbs,0,0,3,0.0,0,0,0,7,1.0,1,0
1,tepco-co-jp.aalywlh.cn,0,0,2,0.0,0,0,0,7,1.0,1,0
1,tepco-co-jp.alsbsxd.cn,0,0,2,0.0,0,0,0,7,1.0,1,0
1,tepco-co-jp.aobbzdr.cn,0,0,2,0.0,0,0,0,7,1.0,1,0
1,tepco-co-jp.bcbiaec.cn,0,0,2,0.0,0,0,0,7,1.0,1,0
1,tepco-co-jp.bmxxwde.cn,0,0,2,0.0,0,0,0,7,1.0,1,0
1,tepco-co-jp.bwcdxaa.cn,0,0,2,0.0,0,0,0,7,1.0,1,0
1,tepco-co-jp.fanxkhs.cn,0,0,2,0.0,0,0,0,7,1.0,1,0
1,tepco-co-jp.fblnfeo.cn,0,0,2,0.0,0,0,0,7,1.0,1,0
1,tepco-co-jp.furggxs.cn,0,0,2,0.0,0,0,0,7,1.0,1,0
1,tepco-co-jp.hcvmwde.cn,0,0,2,0.0,0,0,0,7,1.0,1,0
1,tepco-co-jp.ihyxgzg.cn,0,0,2,0.0,0,0,0,7,1.0,1,0
1,tepco-co-jp.iwpnqta.cn,0,0,2,0.0,0,0,0,7,1.0,1,0
1,tepco-co-jp.mibpnve.cn,0,0,2,0.0,0,0,0,7,1.0,1,0
1,tepco-co-jp.nasaapf.cn,0,0,2,0.0,0,0,0,7,1.0,1,0
1,tepco-co-jp.tuelcku.cn,0,0,2,0.0,0,0,0,7,1.0,1,0
1,tepco-co-jp.zcvdvve.cn,0,0,2,0.0,0,0,0,7,1.0,1,0
1,time2sing.com,0,0,3,0.0,0,0,0,11,1.0,0,0
1,traffordrhythmicgymnasticsclub.com,0,0,6,0.0,1,1,0,17,0.9807692307692307,1,0
1,trejytrhs.mrbasic.com,0,0,7,0.0,0,0,0,20,0.8421052631578947,1,0
1,ts219.cn,0,0,2,1.0,0,4,0,9,1.0,1,0
1,ttyzz.cfd,0,0,2,0.0,0,0,0,10,1.0,0,0
1,ukg680.com,0,0,6,0.0,1,1,0,17,0.9807692307692307,1,0
1,uncaneder12.top,0,0,3,0.0,0,0,0,18,1.0,0,0
1,useruroon.com,0,0,3,0.0,0,6,0,6,1.0,1,0
1,uvioownjossgg.top,0,0,6,0.004608294930875576,1,1,0,16,0.996,1,0
1,vcxgega.ocry.com,0,0,4,0.6666666666666666,0,1,1,14,0.7,1,0
1,vcxgrehgas.youdontcare.com,0,0,4,0.6666666666666666,0,1,1,14,0.7,1,0
1,videosgratisparacelular.com,0,0,6,0.0,1,1,0,17,0.9807692307692307,1,0
1,viewsnet.gafamulticonsultants.com,0,0,0,0.3333333333333333,0,2,0,8,1.0,1,0
1,vih941.com,0,0,6,0.0,1,1,0,17,0.9807692307692307,1,0
1,vsilogistics.com,0,0,3,0.9642857142857143,0,2,0,11,1.0,1,0
1,vxcgwfsa.organiccrap.com,0,0,4,0.6666666666666666,0,1,1,14,0.7,1,0
1,w1h72og.art,0,0,4,0.0,0,0,0,14,0.8125,0,0
1,wecbywiec79.instanthq.com,0,0,4,0.6666666666666666,0,1,1,14,0.7,1,0
1,wecuwec79.organiccrap.com,0,0,3,0.0,0,0,0,13,0.7692307692307693,1,0
1,wegregd.dnsrd.com,0,0,8,0.05511811023622047,0,2,0,28,0.9769230769230769,0,0
1,werjmdhx45.mrslove.com,0,0,4,0.04929577464788732,0,2,1,43,0.9788732394366197,0,0
1,wernueorv79.jkub.com,0,0,4,0.6666666666666666,0,1,1,14,0.7,1,0
1,wncywec79.instanthq.com,0,0,3,0.0,0,0,0,13,0.7692307692307693,1,0
1,woai3gp.com,0,0,3,0.0,0,0,0,11,1.0,0,0
1,wqghtegfas.mefound.com,0,0,4,0.6666666666666666,0,1,1,14,0.7,1,0
1,wrehnsfdet3.almostmy.com,0,0,7,0.0,0,0,0,20,0.8421052631578947,1,0
1,wusr.cn,0,0,4,0.04929577464788732,0,2,1,43,0.9788732394366197,0,0
1,wvdy.cn,1,0,0,0.7142857142857143,0,2,1,11,1.0,1,0
1,www-smbc-card-com.rgreuyhfweiofjwef0revvaadsa.uh528.com,0,0,31,0.0546875,0,2,1,66,1.0,1,0
1,www.0594edao.xyz,0,0,1,0.75,0,2,0,7,1.0,1,0
1,www.1hq8.com,0,0,4,0.9772727272727273,0,3,0,25,1.0,1,0
1,www.52hisen.com,0,0,4,0.9772727272727273,0,3,0,25,1.0,1,0
1,www.55t66.xyz,0,0,1,0.75,0,2,0,7,1.0,1,0
1,www.6cxkpa.cn,1,0,0,1.0,0,3,0,6,1.0,1,1
1,www.6vzmka.cn,1,0,0,1.0,0,3,0,6,1.0,1,1
1,www.88tengyin.xyz,0,0,1,0.75,0,2,0,7,1.0,1,0
1,www.accapplen.com,0,0,3,1.0,0,10,0,10,1.0,1,0
1,www.admin-longin.co.jp.anhuilince.work,1,0,0,0.9148936170212766,0,3,2,12,1.0,1,0
1,www.admin-longin.co.jp.baochun.work,1,0,0,0.9148936170212766,0,3,2,12,1.0,1,0
1,www.admin-longin.co.jp.ozbot.cn,1,0,0,0.9148936170212766,0,3,2,12,1.0,1,0
1,www.adn-eki-co-jp.poanca-admini.masterto.com.cn,1,0,0,0.9148936170212766,0,3,2,12,1.0,1,0
1,www.afwpziy.cn,1,0,0,1.0,0,3,0,6,1.0,1,1
1,www.ahjgkgyl.com,0,0,3,0.0,0,0,0,5,1.0,0,0
1,www.ajaf.cn,0,0,6,1.0,0,2,0,20,1.0,1,0
1,www.alllavalamps.com,0,0,4,0.9772727272727273,0,3,0,25,1.0,1,0
1,www.am-azaomn-co-jp.link.mancare.com.cn,0,0,4,0.8,0,2,0,22,1.0,1,0
1,www.am-eki.co-jp.booos.drdqsb.com.cn,1,0,0,0.9148936170212766,0,3,2,12,1.0,1,0
1,www.ama-amzaon-co-jp.cfbbhclzyw.cn,0,0,5,0.8,0,2,0,23,1.0,1,0
1,www.ama-amzaon-co-jp.tfnssxjwtc.cn,0,0,5,0.8,0,2,0,23,1.0,1,0
1,www.amaz-aoan-co-jp.ejnapqm.cn,0,0,5,0.8,0,2,0,23,1.0,1,0
1,www.amaz-aoan-co-jp.irwrqva.cn,0,0,5,0.8,0,2,0,23,1.0,1,0
1,www.amaz-aoan-co-jp.mztvxwo.cn,0,0,5,0.8,0,2,0,23,1.0,1,0
1,www.amaz-aoan-co-jp.pfhjcyrnuo.cn,0,0,5,0.8,0,2,0,23,1.0,1,0
1,www.amaz-aoan-co-jp.qpertkojdb.cn,0,0,5,0.8,0,2,0,23,1.0,1,0
1,www.amaz-aoan-co-jp.yxzsrir.cn,0,0,5,0.8,0,2,0,23,1.0,1,0
1,www.amaz-oan-co-jp.fzfnezz.cn,0,0,5,0.8,0,2,0,23,1.0,1,0
1,www.amaz-oan-co-jp.ugswn.cn,0,0,5,0.8,0,2,0,23,1.0,1,0
1,www.amaz.oan-co-jp.gykam.cn,0,0,5,0.8,0,2,0,23,1.0,1,0
1,www.amaz.oan-co-jp.ifpgvpwgdq.cn,0,0,5,0.8,0,2,0,23,1.0,1,0
1,www.amaz.oan-co-jp.iiiiiy.cn,0,0,5,0.8,0,2,0,23,1.0,1,0
1,www.amaz.oan-co-jp.qpary.cn,0,0,5,0.8,0,2,0,23,1.0,1,0
1,www.amaz.oan-co-jp.ypvdchlyvz.cn,0,0,5,0.8,0,2,0,23,1.0,1,0
1,www.amaz.oan.co-jp.mcdav.cn,0,0,5,0.8,0,2,0,23,1.0,1,0
1,www.amaz.oan.co-jp.vdtwfkv.cn,0,0,5,0.8,0,2,0,23,1.0,1,0
1,www.amaz.oan.co-jp.vnwqpxzpfc.cn,0,0,5,0.8,0,2,0,23,1.0,1,0
1,www.amazcaom-co-jp.amaozeon.chatdouyin.top,0,0,4,0.8181818181818182,0,1,0,8,1.0,1,0
1,www.amazcazm-co-jp.amaozcon.chatdouyin.top,0,0,4,0.8181818181818182,0,1,0,8,1.0,1,0
1,www.amazcecm-co-jp.amacaeon.chajiudian.top,0,0,4,0.8181818181818182,0,1,0,8,1.0,1,0
1,www.amazcecm-co-jp.amazaeon.061q.cn,0,0,4,0.8181818181818182,0,1,0,8,1.0,1,0
1,www.amazo-co.llxwoer.cn,0,0,5,0.8,0,2,0,23,1.0,1,0
1,www.amazo-jp.934otl.cn,0,0,5,0.8,0,2,0,23,1.0,1,0
1,www.amazo.jp.aqcfmyr.cn,0,0,5,0.8,0,2,0,23,1.0,1,0
1,www.amazo.longin.obqmdwi.cn,0,0,5,0.8,0,2,0,23,1.0,1,0
1,www.amazoc.co.xxbca.cn,0,0,5,0.8,0,2,0,23,1.0,1,0
1,www.amzsb.bio,0,0,5,0.9,0,1,0,8,1.0,1,0
1,www.an-amanz-ouan-co-jp.adminai.bk11185.com.cn,0,0,4,0.8,0,2,0,22,1.0,1,0
1,www.an-amanz-ouan-co-jp.adminukand.7days1nn.cn,0,0,4,0.8,0,2,0,22,1.0,1,0
1,www.an-amaz-azoun-co-jp.sbaas.com.cn,0,0,4,0.8,0,2,0,22,1.0,1,0
1,www.an-anamzan-aouan-co-jp.seo0512.cn,0,0,5,0.8,0,2,0,23,1.0,1,0
1,www.an-eki-co.jp-anac.brossy.com.cn,1,0,0,0.9148936170212766,0,3,2,12,1.0,1,0
1,www.an-ekii-co-jp.linbon.eevjwfw.cn,1,0,0,0.9148936170212766,0,3,2,12,1.0,1,0
1,www.an-ekii-co-jp.linkc.kzqyaff.cn,1,0,0,0.9148936170212766,0,3,2,12,1.0,1,0
1,www.an-ekii-co-jp.linkc.onkhivg.cn,1,0,0,0.9148936170212766,0,3,2,12,1.0,1,0
1,www.an-ekii-co-jp.linkc.szbcs.cn,1,0,0,0.9148936170212766,0,3,2,12,1.0,1,0
1,www.an-ekii-co-jp.linkc.szmmz.cn,1,0,0,0.9148936170212766,0,3,2,12,1.0,1,0
1,www.an-ekii-co-jp.linkc.wcpsedj.cn,1,0,0,0.9148936170212766,0,3,2,12,1.0,1,0
1,www.an-ekii-co-jp.linkc.xxafp.cn,1,0,0,0.9148936170212766,0,3,2,12,1.0,1,0
1,www.an-ekii-co-jp.linkc.xxbad.cn,1,0,0,0.9148936170212766,0,3,2,12,1.0,1,0
1,www.an-kotayamata.co-jp.and.edgepx.club,0,0,1,0.0,0,2,0,7,1.0,1,0
1,www.an-r.xyz,0,0,1,0.75,0,2,0,7,1.0,1,0
1,www.aotrthg.cn,1,0,0,1.0,0,3,0,6,1.0,1,1
1,www.appparkb.com,0,0,12,0.25,0,1,0,28,1.0,1,0
1,www.arkts.org.cn,0,0,1,0.75,0,2,0,7,1.0,1,0
1,www.asipjzq.cn,1,0,0,1.0,0,3,0,6,1.0,1,1
1,www.asweetbite.com,0,0,12,0.25,0,1,0,28,1.0,1,0
1,www.atvhkag.cn,1,0,0,1.0,0,3,0,6,1.0,1,1
1,www.atxmqxt.top,0,0,1,1.0,0,1,0,16,1.0,1,0
1,www.aygafgp.top,0,0,1,1.0,0,1,0,16,1.0,1,0
1,www.aykfysmb.dynv6.net,0,0,6,1.0,0,2,0,20,1.0,1,0
1,www.aylioyss.dynv6.net,0,0,6,1.0,0,2,0,20,1.0,1,0
1,www.ayxabsjj.dynv6.net,0,0,6,1.0,0,2,0,20,1.0,1,0
1,www.ayytdwlq.dynv6.net,0,0,6,1.0,0,2,0,20,1.0,1,0
1,www.azklbixh.dynv6.net,0,0,6,1.0,0,2,0,20,1.0,1,0
1,www.bacvewyb.dynv6.net,0,0,6,1.0,0,2,0,20,1.0,1,0
1,www.badspyqj.dynv6.net,0,0,6,1.0,0,2,0,20,1.0,1,0
1,www.bafujwpm.dynv6.net,0,0,6,1.0,0,2,0,20,1.0,1,0
1,www.bascvip.cn,1,0,0,1.0,0,3,0,6,1.0,1,1
1,www.bbibgkyp.dynv6.net,0,0,6,1.0,0,2,0,20,1.0,1,0
1,www.bbnfvlus.dynv6.net,0,0,6,1.0,0,2,0,20,1.0,1,0
1,www.bckeb.com,0,0,114,1.0,0,4,5,98,1.0,1,0
1,www.bdtxlxrn.dynv6.net,0,0,6,1.0,0,2,0,20,1.0,1,0
1,www.bdvhxdbk.dynv6.net,0,0,6,1.0,0,2,0,20,1.0,1,0
1,www.begqvwya.dynv6.net,0,0,6,1.0,0,2,0,20,1.0,1,0
1,www.bfypxyhr.dynv6.net,0,0,6,1.0,0,2,0,20,1.0,1,0
1,www.bgcfjqkg.dynv6.net,0,0,6,1.0,0,2,0,20,1.0,1,0
1,www.bgsqotpz.dynv6.net,0,0,6,1.0,0,2,0,20,1.0,1,0
1,www.bgsyxfdl.dynv6.net,0,0,6,1.0,0,2,0,20,1.0,1,0
1,www.bhgfusjb.dynv6.net,0,0,6,1.0,0,2,0,20,1.0,1,0
1,www.bjhajrjn.dynv6.net,0,0,6,1.0,0,2,0,20,1.0,1,0
1,www.bjjpxqme.dynv6.net,0,0,6,1.0,0,2,0,20,1.0,1,0
1,www.bklrvmvd.dynv6.net,0,0,6,1.0,0,2,0,20,1.0,1,0
1,www.bktzkhjh.dynv6.net,0,0,6,1.0,0,2,0,20,1.0,1,0
1,www.blrepptj.dynv6.net,0,0,6,1.0,0,2,0,20,1.0,1,0
1,www.bolewkk.cn,1,0,0,1.0,0,3,0,6,1.0,1,1
1,www.bongixk.cn,1,0,0,1.0,0,3,0,6,1.0,1,1
1,www.boskuay.cn,1,0,0,1.0,0,3,0,6,1.0,1,1
1,www.bovsooeh.dynv6.net,0,0,6,1.0,0,2,0,20,1.0,1,0
1,www.boxgscfm.dynv6.net,0,0,6,1.0,0,2,0,20,1.0,1,0
1,www.bpbzmjkw.dynv6.net,0,0,6,1.0,0,2,0,20,1.0,1,0
1,www.bphxsuiy.dynv6.net,0,0,6,1.0,0,2,0,20,1.0,1,0
1,www.bpjjonoy.dynv6.net,0,0,6,1.0,0,2,0,20,1.0,1,0
1,www.bqehsblb.dynv6.net,0,0,6,1.0,0,2,0,20,1.0,1,0
1,www.brkqwvqa.dynv6.net,0,0,6,1.0,0,2,0,20,1.0,1,0
1,www.brzvhiwe.dynv6.net,0,0,6,1.0,0,2,0,20,1.0,1,0
1,www.bsmercadolibre.top,0,0,1,1.0,0,1,0,16,1.0,1,0
1,www.bsvzl.site,0,0,1,0.75,0,2,0,7,1.0,1,0
1,www.bvbrwxv.cn,1,0,0,1.0,0,3,0,6,1.0,1,1
1,www.bwbiajt.cn,1,0,0,1.0,0,3,0,6,1.0,1,1
1,www.bxuvauc.cn,0,0,3,0.0,0,0,0,7,1.0,1,0
1,www.cbushjz.top,0,0,1,1.0,0,1,0,16,1.0,1,0
1,www.chenghechangxiang.com,0,0,4,0.9772727272727273,0,3,0,25,1.0,1,0
1,www.chwcwwhk.dynv6.net,1,0,0,1.0,0,3,0,6,1.0,1,1
1,www.cjvyo.xyz,0,0,1,0.75,0,2,0,7,1.0,1,0
1,www.ckjtemvg.dynv6.net,1,0,0,1.0,0,3,0,6,1.0,1,1
1,www.clientesocial.com,0,0,4,0.9772727272727273,0,3,0,25,1.0,1,0
1,www.clokmti.top,0,0,1,1.0,0,1,0,16,1.0,1,0
1,www.cmpfkiiu.dynv6.net,1,0,0,1.0,0,3,0,6,1.0,1,1
1,www.cmxplhz.cn,1,0,0,1.0,0,3,0,6,1.0,1,1
1,www.cnwvhwkf.dynv6.net,1,0,0,1.0,0,3,0,6,1.0,1,1
1,www.coghrba.cn,1,0,0,1.0,0,3,0,6,1.0,1,1
1,www.cqimstna.dynv6.net,1,0,0,1.0,0,3,0,6,1.0,1,1
1,www.csomeas.cn,1,0,0,1.0,0,3,0,6,1.0,1,1
1,www.ctdmzpjr.dynv6.net,1,0,0,1.0,0,3,0,6,1.0,1,1
1,www.cthdqkgu.dynv6.net,1,0,0,1.0,0,3,0,6,1.0,1,1
1,www.ctvhl.site,0,0,1,0.75,0,2,0,7,1.0,1,0
1,www.cuacfuky.dynv6.net,1,0,0,1.0,0,3,0,6,1.0,1,1
1,www.cujuykn.cn,1,0,0,1.0,0,3,0,6,1.0,1,1
1,www.cuvqbhtg.dynv6.net,1,0,0,1.0,0,3,0,6,1.0,1,1
1,www.cvvfudbh.dynv6.net,1,0,0,1.0,0,3,0,6,1.0,1,1
1,www.cwgbubtm.dynv6.net,1,0,0,1.0,0,3,0,6,1.0,1,1
1,www.cxangars.dynv6.net,1,0,0,1.0,0,3,0,6,1.0,1,1
1,www.cxyhpgk.top,0,0,1,1.0,0,1,0,16,1.0,1,0
1,www.cybvcobj.dynv6.net,1,0,0,1.0,0,3,0,6,1.0,1,1
1,www.cyznghy.cn,1,0,0,1.0,0,3,0,6,1.0,1,1
1,www.czlzcjou.dynv6.net,1,0,0,1.0,0,3,0,6,1.0,1,1
1,www.czqzewcv.dynv6.net,1,0,0,1.0,0,3,0,6,1.0,1,1
1,www.czxkfhe.top,0,0,1,1.0,0,1,0,16,1.0,1,0
1,www.dajeqczz.dynv6.net,1,0,0,1.0,0,3,0,6,1.0,1,1
1,www.dbcfghpb.dynv6.net,1,0,0,1.0,0,3,0,6,1.0,1,1
1,www.dbfldbtb.dynv6.net,1,0,0,1.0,0,3,0,6,1.0,1,1
1,www.dbodfutu.dynv6.net,1,0,0,1.0,0,3,0,6,1.0,1,1
1,www.dcsdxduh.dynv6.net,1,0,0,1.0,0,3,0,6,1.0,1,1
1,www.devgpyu.cn,1,0,0,1.0,0,3,0,6,1.0,1,1
1,www.dissedm.cn,1,0,0,1.0,0,3,0,6,1.0,1,1
1,www.djwpmlx.cn,0,0,3,0.0,0,0,0,7,1.0,1,0
1,www.dkcabi.top,0,0,1,1.0,0,1,0,16,1.0,1,0
1,www.dkjeqca.cn,1,0,0,1.0,0,3,0,6,1.0,1,1
1,www.dlrect-smtb.jp.ap1.ib.abbsdma.com,0,0,3,0.3,0,1,0,19,1.0,1,0
1,www.dlrect-smtb.jp.ap1.ib.baimaholiday.com,0,0,3,0.3,0,1,0,19,1.0,1,0
1,www.dlrect-smtb.jp.ap1.ib.duanql.com,0,0,3,0.3,0,1,0,19,1.0,1,0
1,www.dlrect-smtb.jp.ap1.ib.guoyitangtt.com,0,0,3,0.3,0,1,0,19,1.0,1,0
1,www.dlrect-smtb.jp.ap1.ib.jincaipuhui.com,0,0,3,0.3,0,1,0,19,1.0,1,0
1,www.dlrect-smtb.jp.ap1.ib.richerpe.com,0,0,3,0.3,0,1,0,19,1.0,1,0
1,www.dlrect-smtb.jp.ap1.ib.sdyxzl.com,0,0,3,0.3,0,1,0,19,1.0,1,0
1,www.dlrect-smtb.jp.ap1.ib.shengxiangwenhua.com,0,0,3,0.3,0,1,0,19,1.0,1,0
1,www.dlrect-smtb.jp.ap1.ib.zzzpl.com,0,0,3,0.3,0,1,0,19,1.0,1,0
1,www.dongfanghun.cn,0,0,6,1.0,0,2,0,20,1.0,1,0
1,www.dooqilj.cn,1,0,0,1.0,0,3,0,6,1.0,1,1
1,www.dopriqk.top,0,0,1,1.0,0,1,0,16,1.0,1,0
1,www.dpbtk.site,0,0,1,0.75,0,2,0,7,1.0,1,0
1,www.dpzjgod.top,0,0,1,1.0,0,1,0,16,1.0,1,0
1,www.duxlwwc.cn,1,0,0,1.0,0,3,0,6,1.0,1,1
1,www.dvmay.site,0,0,1,0.75,0,2,0,7,1.0,1,0
1,www.dxbssri.top,0,0,1,1.0,0,1,0,16,1.0,1,0
1,www.dyiykbu.cn,1,0,0,1.0,0,3,0,6,1.0,1,1
1,www.eastco-jp.cloud,0,0,4,0.9148936170212766,0,3,0,9,1.0,1,0
1,www.ecpcotv.cn,1,0,0,1.0,0,3,0,6,1.0,1,1
1,www.eiuaorw.cn,1,0,0,1.0,0,3,0,6,1.0,1,1
1,www.ejbagr.cn,1,0,0,1.0,0,3,0,6,1.0,1,1
1,www.eki-co-jp-admaro.ceanywf.cn,1,0,0,0.9148936170212766,0,3,2,12,1.0,1,0
1,www.eki-co-jp-admaroko.fxrvwsl.cn,1,0,0,0.9148936170212766,0,3,2,12,1.0,1,0
1,www.eki-co-jp-admin-index.jh4.com.cn,1,0,0,0.9148936170212766,0,3,2,12,1.0,1,0
1,www.eki-co-jp-admin-index.mbsfs.cn,1,0,0,0.9148936170212766,0,3,2,12,1.0,1,0
1,www.eki-co-jp-admin-index.mkalu.cn,1,0,0,0.9148936170212766,0,3,2,12,1.0,1,0
1,www.eki-co-jp-admin-index.szfsf.cn,1,0,0,0.9148936170212766,0,3,2,12,1.0,1,0
1,www.eki-co-jp-admin-info.fvfxesy.cn,1,0,0,0.9148936170212766,0,3,2,12,1.0,1,0
1,www.eki-co-jp-admin.szfxh.cn,1,0,0,0.9148936170212766,0,3,2,12,1.0,1,0
1,www.eki-co-jp-admin.xyauj.cn,1,0,0,0.9148936170212766,0,3,2,12,1.0,1,0
1,www.eki-co-jp-admin.yljgljgofp.cn,1,0,0,0.9148936170212766,0,3,2,12,1.0,1,0
1,www.eki-co-jp-admini-info.jknogmg.cn,1,0,0,0.9148936170212766,0,3,2,12,1.0,1,0
1,www.eki-co-jp-admini-info.uuigq.cn,1,0,0,0.9148936170212766,0,3,2,12,1.0,1,0
1,www.eki-co-jp-admini-info.xxawy.cn,1,0,0,0.9148936170212766,0,3,2,12,1.0,1,0
1,www.eki-co-jp-admini-info.xxazj.cn,1,0,0,0.9148936170212766,0,3,2,12,1.0,1,0
1,www.eki-co-jp-adrm-index.140hgb.cn,1,0,0,0.9148936170212766,0,3,2,12,1.0,1,0
1,www.eki-co-jp-adrm-index.qkspe.cn,1,0,0,0.9148936170212766,0,3,2,12,1.0,1,0
1,www.eki-co-jp-adrm-index.qlkucvh.cn,1,0,0,0.9148936170212766,0,3,2,12,1.0,1,0
1,www.eki-co-jp-adrm-index.rfvihmu.cn,1,0,0,0.9148936170212766,0,3,2,12,1.0,1,0
1,www.eki-co-jp-adrm-index.rymlthrswh.cn,1,0,0,0.9148936170212766,0,3,2,12,1.0,1,0
1,www.eki-co-jp-adrm-index.szbck.cn,1,0,0,0.9148936170212766,0,3,2,12,1.0,1,0
1,www.eki-co-jp-adrm-index.szbpn.cn,1,0,0,0.9148936170212766,0,3,2,12,1.0,1,0
1,www.eki-co-jp-adrm-index.szdmw.cn,1,0,0,0.9148936170212766,0,3,2,12,1.0,1,0
1,www.eki-co-jp-adrm-index.szpyr.cn,1,0,0,0.9148936170212766,0,3,2,12,1.0,1,0
1,www.eki-co-jp-adrm-info.191955uh.cn,1,0,0,0.9148936170212766,0,3,2,12,1.0,1,0
1,www.eki-co-jp-adrm-info.fjeihg9.cn,1,0,0,0.9148936170212766,0,3,2,12,1.0,1,0
1,www.eki-co-jp-adrm-info.fxvyvla.cn,1,0,0,0.9148936170212766,0,3,2,12,1.0,1,0
1,www.eki-co-jp-adrm-info.hgrngoa.cn,1,0,0,0.9148936170212766,0,3,2,12,1.0,1,0
1,www.eki-co-jp-adrm-info.jdnorwk.cn,1,0,0,0.9148936170212766,0,3,2,12,1.0,1,0
1,www.eki-co-jp-adrm-info.jnfhwrcthp.cn,1,0,0,0.9148936170212766,0,3,2,12,1.0,1,0
1,www.eki-co-jp-adrm-info.lrooost.cn,1,0,0,0.9148936170212766,0,3,2,12,1.0,1,0
1,www.eki-co-jp-adrm-info.ndmfd.cn,1,0,0,0.9148936170212766,0,3,2,12,1.0,1,0
1,www.eki-co-jp-adrm-info.okscvhu.cn,1,0,0,0.9148936170212766,0,3,2,12,1.0,1,0
1,www.eki-co-jp-adrm-info.pwimroq.cn,1,0,0,0.9148936170212766,0,3,2,12,1.0,1,0
1,www.eki-co-jp-adrm-info.szbcr.cn,1,0,0,0.9148936170212766,0,3,2,12,1.0,1,0
1,www.eki-co-jp-adrm-info.szmgd.cn,1,0,0,0.9148936170212766,0,3,2,12,1.0,1,0
1,www.eki-co-jp-adrm-info.szpcg.cn,1,0,0,0.9148936170212766,0,3,2,12,1.0,1,0
1,www.eki-co-jp-adrm-info.szpcz.cn,1,0,0,0.9148936170212766,0,3,2,12,1.0,1,0
1,www.eki-co-jp-adrm-info.szpwr.cn,1,0,0,0.9148936170212766,0,3,2,12,1.0,1,0
1,www.eki-co-jp-adrm-info.xxayg.cn,1,0,0,0.9148936170212766,0,3,2,12,1.0,1,0
1,www.eki-co-jp-adrm-info.yunyingtu.cn,1,0,0,0.9148936170212766,0,3,2,12,1.0,1,0
1,www.eki-co-jp-adrm-info.zmmwzwl.cn,1,0,0,0.9148936170212766,0,3,2,12,1.0,1,0
1,www.eki-co-jp.gooin-an.age-papc.e7gou.cn,1,0,0,0.9148936170212766,0,3,2,12,1.0,1,0
1,www.eki-co-jp.gooin-ana-miadn.luqiao315.com.cn,1,0,0,0.9148936170212766,0,3,2,12,1.0,1,0
1,www.eki-co.round-jp.szccs.com.cn,1,0,0,0.9148936170212766,0,3,2,12,1.0,1,0
1,www.eki-cuecze-co.icu,1,0,0,0.9148936170212766,0,3,2,12,1.0,1,0
1,www.eki-net.22499.top,1,0,0,0.9148936170212766,0,3,2,0,1.0,1,0
1,www.eki-net.dewumall1.com,0,0,5,0.9772727272727273,0,3,0,26,1.0,1,0
1,www.eki-net.dfdssz.com,0,0,5,0.9772727272727273,0,3,0,26,1.0,1,0
1,www.eki-net.huarunwanjia001.com,0,0,5,0.9772727272727273,0,3,0,26,1.0,1,0
1,www.eki-net.hzhsled.com,0,0,5,0.9772727272727273,0,3,0,26,1.0,1,0
1,www.eki-net.jmqd2017.com,0,0,5,0.9772727272727273,0,3,0,26,1.0,1,0
1,www.eki-net.kuaigoudian.com,0,0,5,0.9772727272727273,0,3,0,26,1.0,1,0
1,www.eki-net.pow327.com,0,0,5,0.9772727272727273,0,3,0,26,1.0,1,0
1,www.eki-net.schjjf.com,0,0,5,0.9772727272727273,0,3,0,26,1.0,1,0
1,www.eki-net.tmstroec8193.com,0,0,5,0.9772727272727273,0,3,0,26,1.0,1,0
1,www.eki-net.ujsqdqatvw.com,0,0,5,0.9772727272727273,0,3,0,26,1.0,1,0
1,www.eki-net.wjqvefytdn.com,0,0,5,0.9772727272727273,0,3,0,26,1.0,1,0
1,www.eki-net.yuehaibxg.com,0,0,5,0.9772727272727273,0,3,0,26,1.0,1,0
1,www.eki.co.jp-admin.37ex.cn,1,0,0,0.9148936170212766,0,3,2,12,1.0,1,0
1,www.eki.co.jp-admin.93gx.cn,1,0,0,0.9148936170212766,0,3,2,12,1.0,1,0
1,www.eki.co.jp-admin.bdgoolv.cn,1,0,0,0.9148936170212766,0,3,2,12,1.0,1,0
1,www.eki.co.jp-admin.bnffbam.cn,1,0,0,0.9148936170212766,0,3,2,12,1.0,1,0
1,www.eki.co.jp-admin.faklwua.cn,1,0,0,0.9148936170212766,0,3,2,12,1.0,1,0
1,www.eki.co.jp-admin.gaonxyh.cn,1,0,0,0.9148936170212766,0,3,2,12,1.0,1,0
1,www.eki.co.jp-admin.ggwfg.cn,1,0,0,0.9148936170212766,0,3,2,12,1.0,1,0
1,www.eki.co.jp-admin.goskxcc.cn,1,0,0,0.9148936170212766,0,3,2,12,1.0,1,0
1,www.eki.co.jp-admin.gpzgjrx.cn,1,0,0,0.9148936170212766,0,3,2,12,1.0,1,0
1,www.eki.co.jp-admin.hgjfpa.cn,1,0,0,0.9148936170212766,0,3,2,12,1.0,1,0
1,www.eki.co.jp-admin.hhlmvaj.cn,1,0,0,0.9148936170212766,0,3,2,12,1.0,1,0
1,www.eki.co.jp-admin.hnwicqz.cn,1,0,0,0.9148936170212766,0,3,2,12,1.0,1,0
1,www.eki.co.jp-admin.ighzlzk.cn,1,0,0,0.9148936170212766,0,3,2,12,1.0,1,0
1,www.eki.co.jp-admin.itmbr.cn,1,0,0,0.9148936170212766,0,3,2,12,1.0,1,0
1,www.eki.co.jp-admin.jbweeqm.cn,1,0,0,0.9148936170212766,0,3,2,12,1.0,1,0
1,www.eki.co.jp-admin.jmgqvfl.cn,1,0,0,0.9148936170212766,0,3,2,12,1.0,1,0
1,www.eki.co.jp-admin.jxuouvi.cn,1,0,0,0.9148936170212766,0,3,2,12,1.0,1,0
1,www.eki.co.jp-admin.kbzwqxi.cn,1,0,0,0.9148936170212766,0,3,2,12,1.0,1,0
1,www.eki.co.jp-admin.ki4svf.cn,1,0,0,0.9148936170212766,0,3,2,12,1.0,1,0
1,www.eki.co.jp-admin.klwllnv.cn,1,0,0,0.9148936170212766,0,3,2,12,1.0,1,0
1,www.eki.co.jp-admin.mhmyzrj.cn,1,0,0,0.9148936170212766,0,3,2,12,1.0,1,0
1,www.eki.co.jp-admin.mtfcbuq.cn,1,0,0,0.9148936170212766,0,3,2,12,1.0,1,0
1,www.eki.co.jp-admin.n350.cn,1,0,0,0.9148936170212766,0,3,2,12,1.0,1,0
1,www.eki.co.jp-admin.olbgcwr.cn,1,0,0,0.9148936170212766,0,3,2,12,1.0,1,0
1,www.eki.co.jp-admin.q9cmeb.cn,1,0,0,0.9148936170212766,0,3,2,12,1.0,1,0
1,www.eki.co.jp-admin.qarevmd.cn,1,0,0,0.9148936170212766,0,3,2,12,1.0,1,0
1,www.eki.co.jp-admin.sukj1g.cn,1,0,0,0.9148936170212766,0,3,2,12,1.0,1,0
1,www.eki.co.jp-admin.v3tokg.cn,1,0,0,0.9148936170212766,0,3,2,12,1.0,1,0
1,www.eki.co.jp-admin.vbcmxku.cn,1,0,0,0.9148936170212766,0,3,2,12,1.0,1,0
1,www.eki.co.jp-admin.w5bhia.cn,1,0,0,0.9148936170212766,0,3,2,12,1.0,1,0
1,www.eki.co.jp-admin.wiki18.cn,1,0,0,0.9148936170212766,0,3,2,12,1.0,1,0
1,www.eki.co.jp-admin.xi31.cn,1,0,0,0.9148936170212766,0,3,2,12,1.0,1,0
1,www.eki.co.jp-admin.xm8vke.cn,1,0,0,0.9148936170212766,0,3,2,12,1.0,1,0
1,www.eki.co.jp-admin.xxazx.cn,1,0,0,0.9148936170212766,0,3,2,12,1.0,1,0
1,www.eki.co.jp-admin.xxbbe.cn,1,0,0,0.9148936170212766,0,3,2,12,1.0,1,0
1,www.eki.co.jp-admin.xxbdq.cn,1,0,0,0.9148936170212766,0,3,2,12,1.0,1,0
1,www.eki.co.jp-admin.xxbeo.cn,1,0,0,0.9148936170212766,0,3,2,12,1.0,1,0
1,www.eki.co.jp-longin.43gq.cn,1,0,0,0.9148936170212766,0,3,2,12,1.0,1,0
1,www.eki.co.jp-longin.43rv.cn,1,0,0,0.9148936170212766,0,3,2,12,1.0,1,0
1,www.eki.co.jp-longin.64os.cn,1,0,0,0.9148936170212766,0,3,2,12,1.0,1,0
1,www.eki.co.jp-longin.85ca.cn,1,0,0,0.9148936170212766,0,3,2,12,1.0,1,0
1,www.eki.co.jp-longin.erwztcf.cn,1,0,0,0.9148936170212766,0,3,2,12,1.0,1,0
1,www.eki.co.jp-longin.gbmnthn.cn,1,0,0,0.9148936170212766,0,3,2,12,1.0,1,0
1,www.eki.co.jp-longin.gtl5ja.cn,1,0,0,0.9148936170212766,0,3,2,12,1.0,1,0
1,www.eki.co.jp-longin.hjxu4c.cn,1,0,0,0.9148936170212766,0,3,2,12,1.0,1,0
1,www.eki.co.jp-longin.j2lnzb.cn,1,0,0,0.9148936170212766,0,3,2,12,1.0,1,0
1,www.eki.co.jp-longin.jskigpb.cn,1,0,0,0.9148936170212766,0,3,2,12,1.0,1,0
1,www.eki.co.jp-longin.m2odqa.cn,1,0,0,0.9148936170212766,0,3,2,12,1.0,1,0
1,www.eki.co.jp-longin.p504.cn,1,0,0,0.9148936170212766,0,3,2,12,1.0,1,0
1,www.eki.co.jp-longin.pgwr3c.cn,1,0,0,0.9148936170212766,0,3,2,12,1.0,1,0
1,www.eki.co.jp-longin.pvzs3j.cn,1,0,0,0.9148936170212766,0,3,2,12,1.0,1,0
1,www.eki.co.jp-longin.spu0oc.cn,1,0,0,0.9148936170212766,0,3,2,12,1.0,1,0
1,www.eki.co.jp-longin.vp2kja.cn,1,0,0,0.9148936170212766,0,3,2,12,1.0,1,0
1,www.eki.co.jp-longin.wmyfkja.cn,1,0,0,0.9148936170212766,0,3,2,12,1.0,1,0
1,www.eki.co.jp-longin.xo83.cn,1,0,0,0.9148936170212766,0,3,2,12,1.0,1,0
1,www.eki.co.jp-longin.xre1yc.cn,1,0,0,0.9148936170212766,0,3,2,12,1.0,1,0
1,www.eki.co.jp-longin.xxafi.cn,1,0,0,0.9148936170212766,0,3,2,12,1.0,1,0
1,www.eki.co.jp.longin.48oq.cn,1,0,0,0.9148936170212766,0,3,2,12,1.0,1,0
1,www.eki.co.jp.longin.bjhrry.cn,1,0,0,0.9148936170212766,0,3,2,12,1.0,1,0
1,www.eki.co.jp.longin.eedcx.cn,1,0,0,0.9148936170212766,0,3,2,12,1.0,1,0
1,www.eki.co.jp.longin.ilg6sa.cn,1,0,0,0.9148936170212766,0,3,2,12,1.0,1,0
1,www.eki.co.jp.longin.pipyswm.cn,1,0,0,0.9148936170212766,0,3,2,12,1.0,1,0
1,www.eki.co.jp.longin.s3xryd.cn,1,0,0,0.9148936170212766,0,3,2,12,1.0,1,0
1,www.eki.co.jp.longin.sikq6d.cn,1,0,0,0.9148936170212766,0,3,2,12,1.0,1,0
1,www.eki.co.jp.longin.uclazmk.cn,1,0,0,0.9148936170212766,0,3,2,12,1.0,1,0
1,www.eki.co.jp.longin.uiunzcw.cn,1,0,0,0.9148936170212766,0,3,2,12,1.0,1,0
1,www.eki.co.jp.longin.zirbc.cn,1,0,0,0.9148936170212766,0,3,2,12,1.0,1,0
1,www.eki.longin.co.jp.anhuipeilian.work,1,0,0,0.9148936170212766,0,3,2,12,1.0,1,0
1,www.eki.longin.co.jp.baoduoduo.work,1,0,0,0.9148936170212766,0,3,2,12,1.0,1,0
1,www.eki.longin.co.jp.boyuantonghang.work,1,0,0,0.9148936170212766,0,3,2,12,1.0,1,0
1,www.ekii-co-jp.admc-infor.99583.cn,1,0,0,0.9148936170212766,0,3,2,12,1.0,1,0
1,www.ekii-co-jp.admc-infor.bxlxcka.cn,1,0,0,0.9148936170212766,0,3,2,12,1.0,1,0
1,www.ekii-co-jp.admc-infor.dingejj.cn,1,0,0,0.9148936170212766,0,3,2,12,1.0,1,0
1,www.ekii-co-jp.admc-infor.fbhkagc.cn,1,0,0,0.9148936170212766,0,3,2,12,1.0,1,0
1,www.ekii-co-jp.admc-infor.fnfeinx.cn,1,0,0,0.9148936170212766,0,3,2,12,1.0,1,0
1,www.ekii-co-jp.admc-infor.kjgkk.cn,1,0,0,0.9148936170212766,0,3,2,12,1.0,1,0
1,www.ekii-co-jp.admc-infor.mqayqcf.cn,1,0,0,0.9148936170212766,0,3,2,12,1.0,1,0
1,www.ekii-co-jp.admc-infor.mwbbu.cn,1,0,0,0.9148936170212766,0,3,2,12,1.0,1,0
1,www.ekii-co-jp.admc-infor.pmjskty.cn,1,0,0,0.9148936170212766,0,3,2,12,1.0,1,0
1,www.ekii-co-jp.admc-infor.rbtbkvv.cn,1,0,0,0.9148936170212766,0,3,2,12,1.0,1,0
1,www.ekii-co-jp.admc-infor.szdbb.cn,1,0,0,0.9148936170212766,0,3,2,12,1.0,1,0
1,www.ekii-co-jp.admc-infor.szddc.cn,1,0,0,0.9148936170212766,0,3,2,12,1.0,1,0
1,www.ekii-co-jp.admc-infor.szpbr.cn,1,0,0,0.9148936170212766,0,3,2,12,1.0,1,0
1,www.ekii-co-jp.admc-infor.szpmc.cn,1,0,0,0.9148936170212766,0,3,2,12,1.0,1,0
1,www.ekii-co-jp.admc-infor.xasdfyu.cn,1,0,0,0.9148936170212766,0,3,2,12,1.0,1,0
1,www.ekii-co-jp.admc-infor.xoccohd.cn,1,0,0,0.9148936170212766,0,3,2,12,1.0,1,0
1,www.ekii-co-jp.admc-open.cakozic.cn,1,0,0,0.9148936170212766,0,3,2,12,1.0,1,0
1,www.ekii-co-jp.admc-open.cbbbc.cn,1,0,0,0.9148936170212766,0,3,2,12,1.0,1,0
1,www.ekii-co-jp.admc-open.qq789qq.cn,1,0,0,0.9148936170212766,0,3,2,12,1.0,1,0
1,www.ekii.co.jp.admc.62660066.cn,1,0,0,0.9148936170212766,0,3,2,12,1.0,1,0
1,www.ekii.co.jp.admc.ajxpzee.cn,1,0,0,0.9148936170212766,0,3,2,12,1.0,1,0
1,www.ekii.co.jp.admc.gvozvmi.cn,1,0,0,0.9148936170212766,0,3,2,12,1.0,1,0
1,www.ekii.co.jp.admc.jinxbmt.cn,1,0,0,0.9148936170212766,0,3,2,12,1.0,1,0
1,www.ekii.co.jp.admc.muuxqgo.cn,1,0,0,0.9148936170212766,0,3,2,12,1.0,1,0
1,www.ekii.co.jp.admc.owycfaf.cn,1,0,0,0.9148936170212766,0,3,2,12,1.0,1,0
1,www.ekii.co.jp.admc.qzwgirs.cn,1,0,0,0.9148936170212766,0,3,2,12,1.0,1,0
1,www.ekii.co.jp.admc.rsgltgn.cn,1,0,0,0.9148936170212766,0,3,2,12,1.0,1,0
1,www.ekii.co.jp.admc.sxkxszh.cn,1,0,0,0.9148936170212766,0,3,2,12,1.0,1,0
1,www.elcycgw.cn,0,0,6,1.0,0,2,0,20,1.0,1,0
1,www.enrvawf.top,0,0,1,1.0,0,1,0,16,1.0,1,0
1,www.epossaed.co.jp.74tv.cn,0,0,26,0.0,0,1,0,35,1.0,0,0
1,www.epossard.co.jp.ok447.cn,0,0,26,0.0,0,1,0,35,1.0,0,0
1,www.epwqfpy.top,0,0,1,1.0,0,1,0,16,1.0,1,0
1,www.famipay.famlidilgi.lcwdhg.cn,0,0,5,0.0,0,0,0,22,1.0,1,0
1,www.famipay.famlidilgi.lzyffz.cn,0,0,5,0.0,0,0,0,22,1.0,1,0
1,www.famipay.famlidilgii.lzyffz.cn,0,0,5,0.0,0,0,0,22,1.0,1,0
1,www.famipay.famlidiligl.heyurou.cn,0,0,5,0.0,0,0,0,22,1.0,1,0
1,www.famipay.famlidiligl.tworthy.cn,0,0,5,0.0,0,0,0,22,1.0,1,0
1,www.famipay.famlidlligi.cqzhicheng.cn,0,0,5,0.0,0,0,0,22,1.0,1,0
1,www.famipay.famlidlligi.tworthy.cn,0,0,5,0.0,0,0,0,22,1.0,1,0
1,www.famlpay.famidigi.10lm02re.top,0,0,5,0.0,0,0,0,22,1.0,1,0
1,www.famlpay.famidigi.1mjiu5.top,0,0,5,0.0,0,0,0,22,1.0,1,0
1,www.famlpay.famidigi.bjafjk.cn,0,0,5,0.0,0,0,0,22,1.0,1,0
1,www.famlpay.famidigi.cqclczp.cn,0,0,5,0.0,0,0,0,22,1.0,1,0
1,www.famlpay.famidigi.deshichem.cn,0,0,5,0.0,0,0,0,22,1.0,1,0
1,www.famlpay.famidigi.persin.cn,0,0,5,0.0,0,0,0,22,1.0,1,0
1,www.famlpay.famidigi.plpop.cn,0,0,5,0.0,0,0,0,22,1.0,1,0
1,www.famlpay.famidigi.samrong.cn,0,0,5,0.0,0,0,0,22,1.0,1,0
1,www.famlpay.famidigi.shcww.cn,0,0,5,0.0,0,0,0,22,1.0,1,0
1,www.famlpay.famidigi.sydaqian.cn,0,0,5,0.0,0,0,0,22,1.0,1,0
1,www.famlpay.famidigi.szomo.cn,0,0,5,0.0,0,0,0,22,1.0,1,0
1,www.famlpay.famidigi.yjruanwan.cn,0,0,5,0.0,0,0,0,22,1.0,1,0
1,www.famlpay.famidlgl.fqjyy.cn,0,0,5,0.0,0,0,0,22,1.0,1,0
1,www.famlpay.famidlgl.plpop.cn,0,0,5,0.0,0,0,0,22,1.0,1,0
1,www.famlpay.famidlgl.rsmould.cn,0,0,5,0.0,0,0,0,22,1.0,1,0
1,www.famlpay.famidlgl.s7eps.cn,0,0,5,0.0,0,0,0,22,1.0,1,0
1,www.famlpay.famidlgl.sydaqian.cn,0,0,5,0.0,0,0,0,22,1.0,1,0
1,www.famlpay.famldigi.1nhyj4.top,0,0,5,0.0,0,0,0,22,1.0,1,0
1,www.famlpay.famldigi.cqclczp.cn,0,0,5,0.0,0,0,0,22,1.0,1,0
1,www.famlpay.famldigi.fjkqmzkq.cn,0,0,5,0.0,0,0,0,22,1.0,1,0
1,www.famlpay.famldigi.fqjyy.cn,0,0,5,0.0,0,0,0,22,1.0,1,0
1,www.famlpay.famldigi.gvuvg.cn,0,0,5,0.0,0,0,0,22,1.0,1,0
1,www.famlpay.famldigi.plpop.cn,0,0,5,0.0,0,0,0,22,1.0,1,0
1,www.famlpay.famldigi.sydaqian.cn,0,0,5,0.0,0,0,0,22,1.0,1,0
1,www.famlpay.famldigi.szomo.cn,0,0,5,0.0,0,0,0,22,1.0,1,0
1,www.famlpay.famldigi.tlxzj.cn,0,0,5,0.0,0,0,0,22,1.0,1,0
1,www.famlpay.famldlgl.10lm07io.top,0,0,5,0.0,0,0,0,22,1.0,1,0
1,www.famlpay.famldlgl.1nhyj4.top,0,0,5,0.0,0,0,0,22,1.0,1,0
1,www.famlpay.famldlgl.51zszx.cn,0,0,5,0.0,0,0,0,22,1.0,1,0
1,www.famlpay.famldlgl.abc990.cn,0,0,5,0.0,0,0,0,22,1.0,1,0
1,www.famlpay.famldlgl.czlt8.cn,0,0,5,0.0,0,0,0,22,1.0,1,0
1,www.famlpay.famldlgl.fjkqmzkq.cn,0,0,5,0.0,0,0,0,22,1.0,1,0
1,www.famlpay.famldlgl.gvuvg.cn,0,0,5,0.0,0,0,0,22,1.0,1,0
1,www.famlpay.famldlgl.hknqf.cn,0,0,5,0.0,0,0,0,22,1.0,1,0
1,www.famlpay.famldlgl.jvdiao.cn,0,0,5,0.0,0,0,0,22,1.0,1,0
1,www.famlpay.famldlgl.s7eps.cn,0,0,5,0.0,0,0,0,22,1.0,1,0
1,www.fgqdbpl.cn,0,0,6,1.0,0,2,0,20,1.0,1,0
1,www.fhihm.site,0,0,1,0.75,0,2,0,7,1.0,1,0
1,www.fhwobct.cn,1,0,0,1.0,0,3,0,6,1.0,1,1
1,www.fiyykyd.cn,0,0,6,1.0,0,2,0,20,1.0,1,0
1,www.flkivmy.cn,0,0,3,0.0,0,0,0,7,1.0,1,0
1,www.for-eki.co.jp-pod.jtpipe.com.cn,1,0,0,0.9148936170212766,0,3,2,12,1.0,1,0
1,www.fustones.com,0,0,4,0.0,0,0,0,7,1.0,0,0
1,www.futtnir.top,0,0,1,1.0,0,1,0,16,1.0,1,0
1,www.fvjrnhg.cn,1,0,0,1.0,0,3,0,6,1.0,1,1
1,www.fvuclcv.top,0,0,1,1.0,0,1,0,16,1.0,1,0
1,www.fxyfppr.cn,1,0,0,1.0,0,3,0,6,1.0,1,1
1,www.g327.xyz,0,0,1,0.75,0,2,0,7,1.0,1,0
1,www.geqqxol.top,0,0,1,1.0,0,1,0,16,1.0,1,0
1,www.gfubrfs.top,0,0,1,1.0,0,1,0,16,1.0,1,0
1,www.ggkpyox.cn,0,0,6,1.0,0,2,0,20,1.0,1,0
1,www.ghilgps.top,0,0,1,1.0,0,1,0,16,1.0,1,0
1,www.ghwubgi.cn,1,0,0,1.0,0,3,0,6,1.0,1,1
1,www.go-eki-co.jp-admi-ageouen.aolipharm.cn,1,0,0,0.9148936170212766,0,3,2,12,1.0,1,0
1,www.go-eki-co.jp-anoa.dntorgp.cn,1,0,0,0.9148936170212766,0,3,2,12,1.0,1,0
1,www.go-eki-co.jp-anoa.exfjabp.cn,1,0,0,0.9148936170212766,0,3,2,12,1.0,1,0
1,www.go-eki-co.jp-anoa.nrfbmkaaqn.cn,1,0,0,0.9148936170212766,0,3,2,12,1.0,1,0
1,www.go-eki-co.jp-anoa.oqoej.cn,1,0,0,0.9148936170212766,0,3,2,12,1.0,1,0
1,www.go-eki-co.jp-anoa.rdeqz.cn,1,0,0,0.9148936170212766,0,3,2,12,1.0,1,0
1,www.go-eki-co.jp-anoa.szmbp.cn,1,0,0,0.9148936170212766,0,3,2,12,1.0,1,0
1,www.go-eki-co.jp-anoa.szpyy.cn,1,0,0,0.9148936170212766,0,3,2,12,1.0,1,0
1,www.go-eki-co.jp-anoa.wdctas.cn,1,0,0,0.9148936170212766,0,3,2,12,1.0,1,0
1,www.go-eki-co.jp-anoa.wsaxwod.cn,1,0,0,0.9148936170212766,0,3,2,12,1.0,1,0
1,www.go-eki-co.jp-anoa.wtfkjxr.cn,1,0,0,0.9148936170212766,0,3,2,12,1.0,1,0
1,www.go-eki-co.jp-anoa.wxggsbcvrz.cn,1,0,0,0.9148936170212766,0,3,2,12,1.0,1,0
1,www.go-eki-co.jp-anoa.xxasy.cn,1,0,0,0.9148936170212766,0,3,2,12,1.0,1,0
1,www.go-eki-co.jp-anoa.zxtjcvd.cn,1,0,0,0.9148936170212766,0,3,2,12,1.0,1,0
1,www.go-eki-co.jp-anokona.vasrfde.cn,1,0,0,0.9148936170212766,0,3,2,12,1.0,1,0
1,www.go-eki-co.jp-openin.jrrhgjj.cn,1,0,0,0.9148936170212766,0,3,2,12,1.0,1,0
1,www.go-eki.co-jp.amidn.zhangyaoyi.com.cn,1,0,0,0.9148936170212766,0,3,2,12,1.0,1,0
1,www.go-eki.co-jp.anad.93food.com.cn,1,0,0,0.9148936170212766,0,3,2,12,1.0,1,0
1,www.go-ekii-co-jp.okooepq.cn,1,0,0,0.9148936170212766,0,3,2,12,1.0,1,0
1,www.go-ekii-co-jp.ydzddba.cn,1,0,0,0.9148936170212766,0,3,2,12,1.0,1,0
1,www.go-kotayamoto.co-jp.ammen.com.cn,0,0,1,0.0,0,2,0,7,1.0,1,0
1,www.gofo-ekii-co-jp.adminia.bjkysw.cn,1,0,0,0.9148936170212766,0,3,2,12,1.0,1,0
1,www.goin-eki-co-jp.aldinasdc.lnfhsy.com.cn,1,0,0,0.9148936170212766,0,3,2,12,1.0,1,0
1,www.goin-eki-co-jp.gogooin.trux.cn,1,0,0,0.9148936170212766,0,3,2,12,1.0,1,0
1,www.goin-eki-jp.co-link.tenfull.com.cn,1,0,0,0.9148936170212766,0,3,2,12,1.0,1,0
1,www.goin-ekii-co-jp.popan-madnad.jyled168.com.cn,1,0,0,0.9148936170212766,0,3,2,12,1.0,1,0
1,www.goin-ekii-co-jp.yuanbdncand.bashine.cn,1,0,0,0.9148936170212766,0,3,2,12,1.0,1,0
1,www.goin-ekii-co-jp.yuanbdnv.nrxn.com.cn,1,0,0,0.9148936170212766,0,3,2,12,1.0,1,0
1,www.goin-ekii-co-jp.yuanupadnde.pgjf.com.cn,1,0,0,0.9148936170212766,0,3,2,12,1.0,1,0
1,www.goin-kotayamato.co-jp.link.cnkacha.com.cn,0,0,1,0.0,0,2,0,7,1.0,1,0
1,www.goin-kotayamato.co.tjhynykj.com.cn,0,0,1,0.0,0,2,0,7,1.0,1,0
1,www.gona-eki-co-jp.adminia.liuchunna.cn,1,0,0,0.9148936170212766,0,3,2,12,1.0,1,0
1,www.goo-am-azanoun-co-jp.obaas.com.cn,0,0,4,0.8,0,2,0,22,1.0,1,0
1,www.goo-amazaou-anoan-co-jp.kansnapn.lqzh.com.cn,0,0,4,0.8,0,2,0,22,1.0,1,0
1,www.goo-amazaou-anoan-co-jp.lanagedn.bj2000.com.cn,0,0,4,0.8,0,2,0,22,1.0,1,0
1,www.goo-amazaou-anoan-co-jp.lapopan.sl99.com.cn,0,0,4,0.8,0,2,0,22,1.0,1,0
1,www.goo-anamzan-aouan-co-jp.ageanan.jskangyou.cn,0,0,4,0.8,0,2,0,22,1.0,1,0
1,www.goo-eki-co-jp.popamcdnan.tnjp.com.cn,1,0,0,0.9148936170212766,0,3,2,12,1.0,1,0
1,www.goo-eki.co.jp-ekidn.kclab.com.cn,1,0,0,0.9148936170212766,0,3,2,12,1.0,1,0
1,www.goo-eki.co.jp-lin-in.ungcumi.cn,1,0,0,0.9148936170212766,0,3,2,12,1.0,1,0
1,www.goo-eki.co.jp-linc.92389.cn,1,0,0,0.9148936170212766,0,3,2,12,1.0,1,0
1,www.goo-eki.co.jp-linc.fgcurfc.cn,1,0,0,0.9148936170212766,0,3,2,12,1.0,1,0
1,www.goo-eki.co.jp-linc.iqujlwk.cn,1,0,0,0.9148936170212766,0,3,2,12,1.0,1,0
1,www.goo-eki.co.jp-linc.sighflc.cn,1,0,0,0.9148936170212766,0,3,2,12,1.0,1,0
1,www.goo-eki.co.jp-linc.syvkkrh.cn,1,0,0,0.9148936170212766,0,3,2,12,1.0,1,0
1,www.goo-eki.co.jp-linc.szdtb.cn,1,0,0,0.9148936170212766,0,3,2,12,1.0,1,0
1,www.goo-eki.co.jp-linc.vfwlklt.cn,1,0,0,0.9148936170212766,0,3,2,12,1.0,1,0
1,www.goo-eki.co.jp-linc.wdtyphm.cn,1,0,0,0.9148936170212766,0,3,2,12,1.0,1,0
1,www.goo-eki.co.jp-linc.wwkamhh.cn,1,0,0,0.9148936170212766,0,3,2,12,1.0,1,0
1,www.goo-eki.co.jp-linc.yfwuxtv.cn,1,0,0,0.9148936170212766,0,3,2,12,1.0,1,0
1,www.goo-ekii-co-jp.updateinthe.magepower.cn,1,0,0,0.9148936170212766,0,3,2,12,1.0,1,0
1,www.goo-ekii-co-jp.usd-updatec.inrhugc.cn,1,0,0,0.9148936170212766,0,3,2,12,1.0,1,0
1,www.goo-ekii-co-jp.usdpananc.xlby.com.cn,1,0,0,0.9148936170212766,0,3,2,12,1.0,1,0
1,www.goo-kotayamato.co.shhongxin.com.cn,0,0,1,0.0,0,2,0,7,1.0,1,0
1,www.gooa-ekii-co-jp.popansd.dsgjdjd.cn,1,0,0,0.9148936170212766,0,3,2,12,1.0,1,0
1,www.gorcqzg.cn,1,0,0,1.0,0,3,0,6,1.0,1,1
1,www.goto-an-amazoun-co-jp.wbaas.com.cn,0,0,4,0.8,0,2,0,22,1.0,1,0
1,www.goto-eki-co-jp.madenamc.tcci.com.cn,1,0,0,0.9148936170212766,0,3,2,12,1.0,1,0
1,www.goto-kotayamatoo.co.admin.zgxxzy.com.cn,0,0,1,0.0,0,2,0,7,1.0,1,0
1,www.gpt50.xyz,0,0,1,0.75,0,2,0,7,1.0,1,0
1,www.grypx.xyz,0,0,1,0.75,0,2,0,7,1.0,1,0
1,www.gsdvlco.top,0,0,1,1.0,0,1,0,16,1.0,1,0
1,www.h4g3sb.cn,1,0,0,1.0,0,3,0,6,1.0,1,1
1,www.hcdvx.site,0,0,1,0.75,0,2,0,7,1.0,1,0
1,www.hgfaowe.top,0,0,1,1.0,0,1,0,16,1.0,1,0
1,www.hgmy1993.com,0,0,114,1.0,0,4,5,98,1.0,1,0
1,www.hhvvi.xyz,0,0,1,0.75,0,2,0,7,1.0,1,0
1,www.hkziilz.cn,0,0,6,1.0,0,2,0,20,1.0,1,0
1,www.hlacemq.top,0,0,1,1.0,0,1,0,16,1.0,1,0
1,www.hmro.cn,0,0,6,1.0,0,2,0,20,1.0,1,0
1,www.hokwyme.top,0,0,1,1.0,0,1,0,16,1.0,1,0
1,www.hologlass.zone,0,0,1,0.75,0,2,0,7,1.0,1,0
1,www.honglongboji.com,0,0,114,1.0,0,4,5,98,1.0,1,0
1,www.hpcrjek.top,0,0,1,1.0,0,1,0,16,1.0,1,0
1,www.hpgugdd.top,0,0,1,1.0,0,1,0,16,1.0,1,0
1,www.hqilwqa.top,0,0,1,1.0,0,1,0,16,1.0,1,0
1,www.hqoojed.top,0,0,1,1.0,0,1,0,16,1.0,1,0
1,www.hxfftho.top,0,0,1,1.0,0,1,0,16,1.0,1,0
1,www.iajigut.top,0,0,1,1.0,0,1,0,16,1.0,1,0
1,www.iccplnews.in,0,0,4,0.8571428571428571,0,1,0,9,1.0,1,0
1,www.il-eki-co-jp.open.vipmogb.cn,1,0,0,0.9148936170212766,0,3,2,12,1.0,1,0
1,www.il-eki-co-jp.sd34.cn,1,0,0,0.9148936170212766,0,3,2,12,1.0,1,0
1,www.il-eki-co-jp.xxbci.cn,1,0,0,0.9148936170212766,0,3,2,12,1.0,1,0
1,www.il-ekii-co-jp.fwbchsl.cn,1,0,0,0.9148936170212766,0,3,2,12,1.0,1,0
1,www.il-ekii-co-jp.gm057a.cn,1,0,0,0.9148936170212766,0,3,2,12,1.0,1,0
1,www.il-ekii-co-jp.ienbmdd.cn,1,0,0,0.9148936170212766,0,3,2,12,1.0,1,0
1,www.il-ekii-co-jp.ilrpvol.cn,1,0,0,0.9148936170212766,0,3,2,12,1.0,1,0
1,www.il-ekii-co-jp.jjhceon.cn,1,0,0,0.9148936170212766,0,3,2,12,1.0,1,0
1,www.il-ekii-co-jp.lbsffsl.cn,1,0,0,0.9148936170212766,0,3,2,12,1.0,1,0
1,www.il-ekii-co-jp.lkzeubg.cn,1,0,0,0.9148936170212766,0,3,2,12,1.0,1,0
1,www.il-ekii-co-jp.open.apdxjuw.cn,1,0,0,0.9148936170212766,0,3,2,12,1.0,1,0
1,www.il-ekii-co-jp.open.dfyrd.cn,1,0,0,0.9148936170212766,0,3,2,12,1.0,1,0
1,www.il-ekii-co-jp.open.pahkvsp.cn,1,0,0,0.9148936170212766,0,3,2,12,1.0,1,0
1,www.il-ekii-co-jp.open.roazsdy.cn,1,0,0,0.9148936170212766,0,3,2,12,1.0,1,0
1,www.il-ekii-co-jp.open.szfhh.cn,1,0,0,0.9148936170212766,0,3,2,12,1.0,1,0
1,www.il-ekii-co-jp.open.szfnb.cn,1,0,0,0.9148936170212766,0,3,2,12,1.0,1,0
1,www.il-ekii-co-jp.open.szpby.cn,1,0,0,0.9148936170212766,0,3,2,12,1.0,1,0
1,www.il-ekii-co-jp.open.szpmb.cn,1,0,0,0.9148936170212766,0,3,2,12,1.0,1,0
1,www.il-ekii-co-jp.open.szprm.cn,1,0,0,0.9148936170212766,0,3,2,12,1.0,1,0
1,www.il-ekii-co-jp.open.xxaky.cn,1,0,0,0.9148936170212766,0,3,2,12,1.0,1,0
1,www.il-ekii-co-jp.open.xxatd.cn,1,0,0,0.9148936170212766,0,3,2,12,1.0,1,0
1,www.il-ekii-co-jp.open.ztnzxtx.cn,1,0,0,0.9148936170212766,0,3,2,12,1.0,1,0
1,www.il-ekii-co-jp.open.zyifxkz.cn,1,0,0,0.9148936170212766,0,3,2,12,1.0,1,0
1,www.il-ekii-co-jp.opeo.yubjkmx.cn,1,0,0,0.9148936170212766,0,3,2,12,1.0,1,0
1,www.il-ekii-co-jp.rfvqlok.cn,1,0,0,0.9148936170212766,0,3,2,12,1.0,1,0
1,www.il-ekii-co-jp.soncgbj.cn,1,0,0,0.9148936170212766,0,3,2,12,1.0,1,0
1,www.il-ekii-co-jp.tugsyeb.cn,1,0,0,0.9148936170212766,0,3,2,12,1.0,1,0
1,www.il-ekii-co-jp.uyhvkie.cn,1,0,0,0.9148936170212766,0,3,2,12,1.0,1,0
1,www.il-ekii-co-jp.xuhfrya.cn,1,0,0,0.9148936170212766,0,3,2,12,1.0,1,0
1,www.ilmlwod.top,0,0,1,1.0,0,1,0,16,1.0,1,0
1,www.in-azamna-ouan-co-jp-lskldnv.q3w1l.cn,0,0,5,0.8,0,2,0,23,1.0,1,0
1,www.in-azamna-ouan-co-jp.akaodn.uaa7.cn,0,0,4,0.8,0,2,0,22,1.0,1,0
1,www.in-eki-co-jp.admiamndn.utrigger.cn,1,0,0,0.9148936170212766,0,3,2,12,1.0,1,0
1,www.in-eki-co-jp.admin.agefanansqunac.xl17.cn,1,0,0,0.9148936170212766,0,3,2,12,1.0,1,0
1,www.in-eki-co-jp.pop-akab.ymsqszs.cn,1,0,0,0.9148936170212766,0,3,2,12,1.0,1,0
1,www.in-eki-co.jp-link-open.bhrddlh.cn,1,0,0,0.9148936170212766,0,3,2,12,1.0,1,0
1,www.in-eki-co.jp-link-open.bjewomt.cn,1,0,0,0.9148936170212766,0,3,2,12,1.0,1,0
1,www.in-eki-co.jp-link-open.iqadymx.cn,1,0,0,0.9148936170212766,0,3,2,12,1.0,1,0
1,www.in-eki-co.jp-link-open.irkkcit.cn,1,0,0,0.9148936170212766,0,3,2,12,1.0,1,0
1,www.in-eki-co.jp-link-open.rumddid.cn,1,0,0,0.9148936170212766,0,3,2,12,1.0,1,0
1,www.in-eki-co.jp-link-open.szptc.cn,1,0,0,0.9148936170212766,0,3,2,12,1.0,1,0
1,www.in-eki-co.jp-link-open.uinlooh.cn,1,0,0,0.9148936170212766,0,3,2,12,1.0,1,0
1,www.in-eki-co.jp-linkimikac.fbbwfia.cn,1,0,0,0.9148936170212766,0,3,2,12,1.0,1,0
1,www.in-kotayamato.co-jp.mangguotv.com.cn,0,0,1,0.0,0,2,0,7,1.0,1,0
1,www.index-azamna-ouan-co-jp.eguluomin.cn,0,0,5,0.8,0,2,0,23,1.0,1,0
1,www.index-eki-co-jp.popanac.pklnfe.cn,1,0,0,0.9148936170212766,0,3,2,12,1.0,1,0
1,www.induspictures.com,0,0,4,0.9772727272727273,0,3,0,25,1.0,1,0
1,www.indx-azamna-ouan-co-jp.macncn.jingtuobxg.cn,0,0,4,0.8,0,2,0,22,1.0,1,0
1,www.iqxpyzb.cn,1,0,0,1.0,0,3,0,6,1.0,1,1
1,www.iustefo.top,0,0,1,1.0,0,1,0,16,1.0,1,0
1,www.ivz649.com,0,0,4,0.9772727272727273,0,3,0,25,1.0,1,0
1,www.iweekhw.top,0,0,1,1.0,0,1,0,16,1.0,1,0
1,www.jacfilg.top,0,0,1,1.0,0,1,0,16,1.0,1,0
1,www.japanpost.aqtyuuj.top,1,0,4,0.9615384615384616,1,2,0,13,1.0,1,0
1,www.japanpost.cheeqwp.top,1,0,4,0.9615384615384616,1,2,0,13,1.0,1,0
1,www.japanpost.cpyjzym.top,1,0,4,0.9615384615384616,1,2,0,13,1.0,1,0
1,www.japanpost.evzfpph.top,1,0,4,0.9615384615384616,1,2,0,13,1.0,1,0
1,www.japanpost.gfxxkqy.top,1,0,4,0.9615384615384616,1,2,0,13,1.0,1,0
1,www.japanpost.krucbhe.top,1,0,4,0.9615384615384616,1,2,0,13,1.0,1,0
1,www.japanpost.nfanmmj.top,1,0,4,0.9615384615384616,1,2,0,13,1.0,1,0
1,www.japanpost.twjfxid.top,1,0,4,0.9615384615384616,1,2,0,13,1.0,1,0
1,www.japanpost.vynehlx.top,1,0,4,0.9615384615384616,1,2,0,13,1.0,1,0
1,www.japanpost.yeviwqg.top,1,0,4,0.9615384615384616,1,2,0,13,1.0,1,0
1,www.jenhexxxvideos.com,0,0,4,0.9772727272727273,0,3,0,25,1.0,1,0
1,www.jhpok.cn,0,0,3,0.0,0,0,0,7,1.0,1,0
1,www.jnwbqbv.cn,1,0,0,1.0,0,3,0,6,1.0,1,1
1,www.jovpg.cn,0,0,3,0.0,0,0,0,7,1.0,1,0
1,www.jquqqie.cn,1,0,0,1.0,0,3,0,6,1.0,1,1
1,www.jrqfaoi.cn,0,0,3,0.0,0,0,0,7,1.0,1,0
1,www.junli518.com,0,0,5,0.8,0,2,0,23,1.0,1,0
1,www.k451.xyz,0,0,1,0.75,0,2,0,7,1.0,1,0
1,www.k7t3hg7f.com,0,0,11,0.9910714285714286,0,6,1,68,1.0,1,0
1,www.katherinexs.com,0,0,2,0.0,0,0,0,8,1.0,1,0
1,www.kfnsceg.top,0,0,1,1.0,0,1,0,16,1.0,1,0
1,www.kfxbwkk.top,0,0,1,1.0,0,1,0,16,1.0,1,0
1,www.kinnexmedia.com,0,0,5,0.8,0,2,0,23,1.0,1,0
1,www.kkgejap.top,0,0,1,1.0,0,1,0,16,1.0,1,0
1,www.kmncbxvdgsyw7d.store,0,0,1,0.75,0,2,0,7,1.0,1,0
1,www.knisq.cn,0,0,3,0.0,0,0,0,7,1.0,1,0
1,www.kofsgnu.cn,1,0,0,1.0,0,3,0,6,1.0,1,1
1,www.kotayamato.co-jp.link.candykiss.com.cn,0,0,1,0.0,0,2,0,7,1.0,1,0
1,www.kpofymw.cn,1,0,0,1.0,0,3,0,6,1.0,1,1
1,www.kpwkabn.cn,0,0,3,0.0,0,0,0,7,1.0,1,0
1,www.kqtfymj.cn,1,0,0,1.0,0,3,0,6,1.0,1,1
1,www.ksqqylv.cn,1,0,0,1.0,0,3,0,6,1.0,1,1
1,www.ktn848.com,0,0,4,0.9772727272727273,0,3,0,25,1.0,1,0
1,www.ktpxmsz.cn,0,0,3,0.0,0,0,0,7,1.0,1,0
1,www.kubdfea.top,0,0,1,1.0,0,1,0,16,1.0,1,0
1,www.kuereneakaycaseto.co.jp.23tmc.cn,0,0,6,0.0,1,0,0,18,1.0,1,0
1,www.kuereneakaycaseto.co.jp.800soft.cn,0,0,6,0.0,1,0,0,18,1.0,1,0
1,www.kuereneakaycaseto.co.jp.b3057.cn,0,0,6,0.0,1,0,0,18,1.0,1,0
1,www.kuereneakaycaseto.co.jp.duxwell.cn,0,0,6,0.0,1,0,0,18,1.0,1,0
1,www.kuereneakaycaseto.co.jp.dyfckd.cn,0,0,6,0.0,1,0,0,18,1.0,1,0
1,www.kuereneakaycaseto.co.jp.hywzhs.cn,0,0,6,0.0,1,0,0,18,1.0,1,0
1,www.kuereneakaycaseto.co.jp.kiqcbxw.cn,0,0,6,0.0,1,0,0,18,1.0,1,0
1,www.kuereneakaycaseto.co.jp.tjxindai.cn,0,0,6,0.0,1,0,0,18,1.0,1,0
1,www.kuereneakaycaseto.co.jp.tlzygl.cn,0,0,6,0.0,1,0,0,18,1.0,1,0
1,www.kuereneakaycaseto.co.jp.yihao8.cn,0,0,6,0.0,1,0,0,18,1.0,1,0
1,www.kuerenenkaycaseto.co.jp.23tmc.cn,0,0,6,0.0,1,0,0,18,1.0,1,0
1,www.kuerenenkaycaseto.co.jp.800soft.cn,0,0,6,0.0,1,0,0,18,1.0,1,0
1,www.kuerenenkaycaseto.co.jp.b3057.cn,0,0,6,0.0,1,0,0,18,1.0,1,0
1,www.kuerenenkaycaseto.co.jp.duxwell.cn,0,0,6,0.0,1,0,0,18,1.0,1,0
1,www.kuerenenkaycaseto.co.jp.hywzhs.cn,0,0,6,0.0,1,0,0,18,1.0,1,0
1,www.kuerenenkaycaseto.co.jp.kiqcbxw.cn,0,0,6,0.0,1,0,0,18,1.0,1,0
1,www.kuerenenkaycaseto.co.jp.tlzygl.cn,0,0,6,0.0,1,0,0,18,1.0,1,0
1,www.kuerenenkaycaseto.co.jp.yihao8.cn,0,0,6,0.0,1,0,0,18,1.0,1,0
1,www.kueroneakayaasetn.co.jp.23tmc.cn,0,0,6,0.0,1,0,0,18,1.0,1,0
1,www.kueroneakayaasetn.co.jp.duxwell.cn,0,0,6,0.0,1,0,0,18,1.0,1,0
1,www.kueroneakayaasetn.co.jp.dyfckd.cn,0,0,6,0.0,1,0,0,18,1.0,1,0
1,www.kueroneakayaasetn.co.jp.hywzhs.cn,0,0,6,0.0,1,0,0,18,1.0,1,0
1,www.kueroneakayaasetn.co.jp.kiqcbxw.cn,0,0,6,0.0,1,0,0,18,1.0,1,0
1,www.kueroneakayaasetn.co.jp.tlzygl.cn,0,0,6,0.0,1,0,0,18,1.0,1,0
1,www.kueroneakayaasetn.co.jp.yihao8.cn,0,0,6,0.0,1,0,0,18,1.0,1,0
1,www.kueroneekayaasetn.co.jp.23tmc.cn,0,0,6,0.0,1,0,0,18,1.0,1,0
1,www.kueroneekayaasetn.co.jp.800soft.cn,0,0,6,0.0,1,0,0,18,1.0,1,0
1,www.kueroneekayaasetn.co.jp.b3057.cn,0,0,6,0.0,1,0,0,18,1.0,1,0
1,www.kueroneekayaasetn.co.jp.duxwell.cn,0,0,6,0.0,1,0,0,18,1.0,1,0
1,www.kueroneekayaasetn.co.jp.dyfckd.cn,0,0,6,0.0,1,0,0,18,1.0,1,0
1,www.kueroneekayaasetn.co.jp.hywzhs.cn,0,0,6,0.0,1,0,0,18,1.0,1,0
1,www.kueroneekayaasetn.co.jp.kiqcbxw.cn,0,0,6,0.0,1,0,0,18,1.0,1,0
1,www.kueroneekayaasetn.co.jp.tjxindai.cn,0,0,6,0.0,1,0,0,18,1.0,1,0
1,www.kueroneekayaasetn.co.jp.tlzygl.cn,0,0,6,0.0,1,0,0,18,1.0,1,0
1,www.kueroneekayaasetn.co.jp.yihao8.cn,0,0,6,0.0,1,0,0,18,1.0,1,0
1,www.kvs508.com,0,0,4,0.9772727272727273,0,3,0,25,1.0,1,0
1,www.kwhaxbo.top,0,0,1,1.0,0,1,0,16,1.0,1,0
1,www.lhnhktv.top,0,0,1,1.0,0,1,0,16,1.0,1,0
1,www.limkgfz.cn,1,0,0,1.0,0,3,0,6,1.0,1,1
1,www.linelogin.cn,0,0,1,0.0,0,0,0,33,1.0,1,0
1,www.longin-eki.co.jp.anhuiluyuan.work,1,0,0,0.9148936170212766,0,3,2,12,1.0,1,0
1,www.longin-eki.co.jp.baohuikang.work,1,0,0,0.9148936170212766,0,3,2,12,1.0,1,0
1,www.longin-eki.co.jp.baoliwan.work,1,0,0,0.9148936170212766,0,3,2,12,1.0,1,0
1,www.longin-ekii.co.jp.baichang.work,1,0,0,0.9148936170212766,0,3,2,12,1.0,1,0
1,www.longin-ekii.co.jp.baixuan.work,1,0,0,0.9148936170212766,0,3,2,12,1.0,1,0
1,www.longin-ekii.co.jp.changshafuxing.work,1,0,0,0.9148936170212766,0,3,2,12,1.0,1,0
1,www.longin.co.jp-infor.anzhitai.work,1,0,0,0.9148936170212766,0,3,2,12,1.0,1,0
1,www.longin.co.jp-infor.baminbaigong.work,1,0,0,0.9148936170212766,0,3,2,12,1.0,1,0
1,www.longin.co.jp-infor.buyuexian.work,1,0,0,0.9148936170212766,0,3,2,12,1.0,1,0
1,www.lphyra.cn,0,0,3,0.0,0,0,0,7,1.0,1,0
1,www.lswyescwxlyjyuk.com,0,0,114,1.0,0,4,5,98,1.0,1,0
1,www.lugfba.cn,0,0,3,0.0,0,0,0,7,1.0,1,0
1,www.lwsnozz.cn,1,0,0,1.0,0,3,0,6,1.0,1,1
1,www.lzqhyjj.cn,1,0,0,1.0,0,3,0,6,1.0,1,1
1,www.maytyrg.cn,0,0,3,0.0,0,0,0,7,1.0,1,0
1,www.menvlzzmsrxt.com,0,0,114,1.0,0,4,5,98,1.0,1,0
1,www.mix-amazaou-anoan-co-jp.ageniubac.jsjrwl.com.cn,0,0,4,0.8,0,2,0,22,1.0,1,0
1,www.mizlhobank.me,0,0,6,0.0,0,0,0,17,1.0,1,0
1,www.mnbvvxxzaqw.store,0,0,1,0.75,0,2,0,7,1.0,1,0
1,www.mondaynightrocks.com,0,0,5,0.8,0,2,0,23,1.0,1,0
1,www.mqiwivn.cn,1,0,0,1.0,0,3,0,6,1.0,1,1
1,www.msltqogjvukx.com,0,0,114,1.0,0,4,5,98,1.0,1,0
1,www.mumashan.cn,1,0,0,1.0,0,3,0,6,1.0,1,1
1,www.mwldjfy.top,0,0,1,1.0,0,1,0,16,1.0,1,0
1,www.myg793.com,0,0,4,0.9772727272727273,0,3,0,25,1.0,1,0
1,www.nddqm.top,0,0,1,1.0,0,1,0,16,1.0,1,0
1,www.ndkkumy.top,0,0,1,1.0,0,1,0,16,1.0,1,0
1,www.nfjok.cn,0,0,3,0.0,0,0,0,7,1.0,1,0
1,www.nfsolki.top,0,0,1,1.0,0,1,0,16,1.0,1,0
1,www.nhcfjpi.top,0,0,1,1.0,0,1,0,16,1.0,1,0
1,www.nissenren-aomori.chengjun111.com,0,1,3,0.0,0,1,0,16,0.8823529411764706,1,0
1,www.nissenren-aomori.cm6uda.com,0,1,3,0.0,0,1,0,16,0.8823529411764706,1,0
1,www.nissenren-aomori.cryptoknowbase.com,0,1,3,0.0,0,1,0,16,0.8823529411764706,1,0
1,www.njptj.site,0,0,1,0.75,0,2,0,7,1.0,1,0
1,www.nlusf.site,0,0,1,0.75,0,2,0,7,1.0,1,0
1,www.noyksjr.cn,1,0,0,1.0,0,3,0,6,1.0,1,1
1,www.nselctg.top,0,0,1,1.0,0,1,0,16,1.0,1,0
1,www.nta-go.sideplot.com,0,0,0,0.041666666666666664,0,2,0,7,1.0,1,0
1,www.nxzx120.com,0,0,5,0.8,0,2,0,23,1.0,1,0
1,www.oagvdpg.top,0,0,1,1.0,0,1,0,16,1.0,1,0
1,www.oefwtod.cn,0,0,6,1.0,0,2,0,20,1.0,1,0
1,www.oiyzyyh.top,0,0,1,1.0,0,1,0,16,1.0,1,0
1,www.olxffrf.top,0,0,1,1.0,0,1,0,16,1.0,1,0
1,www.on-eki.co-admini-jp.sztsheng.com.cn,1,0,0,0.9148936170212766,0,3,2,12,1.0,1,0
1,www.on-ekii-co-jp-adminia.linkin.yhcb.com.cn,1,0,0,0.9148936170212766,0,3,2,12,1.0,1,0
1,www.on-kotayamatoo-co.jp.hai-song.com.cn,0,0,1,0.0,0,2,0,7,1.0,1,0
1,www.on-kotayamatoo.co-jp.admin.imagesns.club,0,0,1,0.0,0,2,0,7,1.0,1,0
1,www.onnmlfd.cn,0,0,6,1.0,0,2,0,20,1.0,1,0
1,www.otoqipo.cn,1,0,0,1.0,0,3,0,6,1.0,1,1
1,www.ouje.cn,0,0,6,1.0,0,2,0,20,1.0,1,0
1,www.ovymq.site,0,0,1,0.75,0,2,0,7,1.0,1,0
1,www.oxhsdbg.cn,1,0,0,1.0,0,3,0,6,1.0,1,1
1,www.pamwa.site,0,0,1,0.75,0,2,0,7,1.0,1,0
1,www.pgwdgug.top,0,0,1,1.0,0,1,0,16,1.0,1,0
1,www.plomikn.top,0,0,1,1.0,0,1,0,16,1.0,1,0
1,www.pncgxzw.top,0,0,1,1.0,0,1,0,16,1.0,1,0
1,www.powerpointpalooza.com,0,0,0,0.5,0,1,0,12,1.0,1,0
1,www.ppioznk.top,0,0,1,1.0,0,1,0,16,1.0,1,0
1,www.pyn5.com,0,0,114,1.0,0,4,5,98,1.0,1,0
1,www.qdkhmjn.cn,1,0,0,1.0,0,3,0,6,1.0,1,1
1,www.qhtbzwq.cn,1,0,0,1.0,0,3,0,6,1.0,1,1
1,www.qiqsxfm.top,0,0,1,1.0,0,1,0,16,1.0,1,0
1,www.qpbnptj.cn,1,0,0,1.0,0,3,0,6,1.0,1,1
1,www.qykxpgf.top,0,0,1,1.0,0,1,0,16,1.0,1,0
1,www.qziezrd.top,0,0,1,1.0,0,1,0,16,1.0,1,0
1,www.qzwzhqw.cn,0,0,6,1.0,0,2,0,20,1.0,1,0
1,www.rakuten-card.priceiseasy.com,0,0,4,1.0,0,1,0,6,1.0,0,0
1,www.rakuten.ngawvrvj.top,0,0,3,0.8461538461538461,0,2,0,9,1.0,1,0
1,www.ranzhtm.top,0,0,1,1.0,0,1,0,16,1.0,1,0
1,www.rekuten-co.largesduolow.com,0,0,3,0.8461538461538461,0,2,0,9,1.0,1,0
1,www.resona.co.ruixinwz.com,0,0,12,0.25,0,1,0,28,1.0,1,0
1,www.resonn.co.ncsgpqxmj.com,0,0,12,0.25,0,1,0,28,1.0,1,0
1,www.resonn.co.xsqhosptial.com,0,0,12,0.25,0,1,0,28,1.0,1,0
1,www.resonn.co.ygqjlxedu.com,0,0,12,0.25,0,1,0,28,1.0,1,0
1,www.resonn.link.binglewy.com,0,0,3,0.2,0,1,0,21,1.0,1,0
1,www.resonn.link.dajungzz.com,0,0,3,0.2,0,1,0,21,1.0,1,0
1,www.resonn.link.netviagra.com,0,0,3,0.2,0,1,0,21,1.0,1,0
1,www.resonn.link.ocolorista.com,0,0,3,0.2,0,1,0,21,1.0,1,0
1,www.resonn.link.poonloon.com,0,0,3,0.2,0,1,0,21,1.0,1,0
1,www.resonn.link.sxstgroup.com,0,0,3,0.2,0,1,0,21,1.0,1,0
1,www.resonn.link.tiandekj.com,0,0,3,0.2,0,1,0,21,1.0,1,0
1,www.resonn.link.walawalago.com,0,0,3,0.2,0,1,0,21,1.0,1,0
1,www.resonn.link.xideshang.com,0,0,3,0.2,0,1,0,21,1.0,1,0
1,www.resonn.link.yanshangkj.com,0,0,3,0.2,0,1,0,21,1.0,1,0
1,www.rfteygl.top,0,0,1,1.0,0,1,0,16,1.0,1,0
1,www.rihhaga.top,0,0,1,1.0,0,1,0,16,1.0,1,0
1,www.rjwduzmf.cf,0,0,11,0.0,0,0,0,12,1.0,1,0
1,www.rpdblm.top,0,0,1,1.0,0,1,0,16,1.0,1,0
1,www.rpjawhq.cn,0,0,6,1.0,0,2,0,20,1.0,1,0
1,www.rytyzux.cn,1,0,0,1.0,0,3,0,6,1.0,1,1
1,www.rzblczk.top,0,0,1,1.0,0,1,0,16,1.0,1,0
1,www.rzrnojfzoyxa.com,0,0,114,1.0,0,4,5,98,1.0,1,0
1,www.saiaoncarard.co.jp.dghuayuan.cn,0,0,1,0.0,0,0,0,8,1.0,0,0
1,www.saiaoncarard.co.jp.qddongtai.cn,0,0,1,0.0,0,0,0,8,1.0,0,0
1,www.saiaoncarard.co.jp.vloelw.cn,0,0,1,0.0,0,0,0,8,1.0,0,0
1,www.saiasonarard.co.jp.go97.cn,0,0,1,0.0,0,0,0,8,1.0,0,0
1,www.saiasonarard.co.jp.hz78.cn,0,0,1,0.0,0,0,0,8,1.0,0,0
1,www.saiasonarard.co.jp.v8865.cn,0,0,1,0.0,0,0,0,8,1.0,0,0
1,www.saiasonarard.co.jp.wwwwatu8c.cn,0,0,1,0.0,0,0,0,8,1.0,0,0
1,www.saiconcacard.co.jp.qddongtai.cn,0,0,1,0.0,0,0,0,8,1.0,0,0
1,www.saiconcacard.co.jp.sigreg.cn,0,0,1,0.0,0,0,0,8,1.0,0,0
1,www.saiconcarard.co.jp.suctrade.cn,0,0,1,0.0,0,0,0,8,1.0,0,0
1,www.saiconcarard.co.jp.wxybjx.cn,0,0,1,0.0,0,0,0,8,1.0,0,0
1,www.saicosincard.co.jp.yangweb.top,0,0,2,0.5,0,1,0,10,1.0,1,0
1,www.saicsonacard.co.jp.hz78.cn,0,0,1,0.0,0,0,0,8,1.0,0,0
1,www.saicsonacard.co.jp.sina0373.cn,0,0,1,0.0,0,0,0,8,1.0,0,0
1,www.saicsonarard.co.jp.maimai315.cn,0,0,1,0.0,0,0,0,8,1.0,0,0
1,www.saicsonarard.co.jp.sina0373.cn,0,0,1,0.0,0,0,0,8,1.0,0,0
1,www.saisaocacard.co.jp.xjslzb.cn,0,0,1,0.0,0,0,0,8,1.0,0,0
1,www.saisoacacard.co.jp.sigreg.cn,0,0,1,0.0,0,0,0,8,1.0,0,0
1,www.saisoacacard.co.jp.xc7788.cn,0,0,1,0.0,0,0,0,8,1.0,0,0
1,www.saisoncacard.co.jp.suctrade.cn,0,0,1,0.0,0,0,0,8,1.0,0,0
1,www.saisoncarard.co.jp.bjtiantuo.cn,0,0,1,0.0,0,0,0,8,1.0,0,0
1,www.saisoncarard.co.jp.suctrade.cn,0,0,1,0.0,0,0,0,8,1.0,0,0
1,www.saisoncarard.co.jp.vloelw.cn,0,0,1,0.0,0,0,0,8,1.0,0,0
1,www.saisoncarard.co.jp.xjslzb.cn,0,0,1,0.0,0,0,0,8,1.0,0,0
1,www.saisosnoard.co.jp.weixinda.top,0,0,2,0.5,0,1,0,10,1.0,1,0
1,www.saissaoacard.co.jp.wzy122968.cn,0,0,1,0.0,0,0,0,8,1.0,0,0
1,www.saissoaacard.co.jp.wwwwatu8c.cn,0,0,1,0.0,0,0,0,8,1.0,0,0
1,www.saissonacard.co.jp.aoqi08.cn,0,0,1,0.0,0,0,0,8,1.0,0,0
1,www.saissonacard.co.jp.i1109.cn,0,0,1,0.0,0,0,0,8,1.0,0,0
1,www.saissonacard.co.jp.sina0373.cn,0,0,1,0.0,0,0,0,8,1.0,0,0
1,www.saissonacard.co.jp.wzy122968.cn,0,0,1,0.0,0,0,0,8,1.0,0,0
1,www.sanyananfan.com,0,0,114,1.0,0,4,5,98,1.0,1,0
1,www.sdrolwo.cn,0,0,6,1.0,0,2,0,20,1.0,1,0
1,www.servqla.cn,1,0,0,1.0,0,3,0,6,1.0,1,1
1,www.shjyzq.com,0,0,114,1.0,0,4,5,98,1.0,1,0
1,www.shul.cn,0,0,6,1.0,0,2,0,20,1.0,1,0
1,www.shwczfw.cn,1,0,0,1.0,0,3,0,6,1.0,1,1
1,www.sifqbkc.top,0,0,1,1.0,0,1,0,16,1.0,1,0
1,www.sikzwgs.cn,0,0,6,1.0,0,2,0,20,1.0,1,0
1,www.siyechuangshi.com,0,0,114,1.0,0,4,5,98,1.0,1,0
1,www.skefy.cn,0,0,3,0.0,0,0,0,7,1.0,1,0
1,www.softbannkk-logo.com,0,0,25,0.9333333333333333,0,2,0,35,1.0,1,0
1,www.srgwcbz.cn,0,0,3,0.0,0,0,0,7,1.0,1,0
1,www.srwgorm.cn,0,0,3,0.0,0,0,0,7,1.0,1,0
1,www.sryenhp.top,0,0,1,1.0,0,1,0,16,1.0,1,0
1,www.surespancover.com,0,0,8,0.0,0,2,0,13,1.0,1,0
1,www.szzxsyc.com,0,0,114,1.0,0,4,5,98,1.0,1,0
1,www.taohua0008.top,0,0,1,1.0,0,1,0,16,1.0,1,0
1,www.team-usps.wiki,0,0,1,0.75,0,2,0,7,1.0,1,0
1,www.tengunder.com,0,0,8,0.0,0,2,0,13,1.0,1,0
1,www.tepco.co.jp,0,1,31,0.041666666666666664,0,4,0,40,0.927536231884058,1,0
1,www.teqiuyq.top,0,0,1,1.0,0,1,0,16,1.0,1,0
1,www.tfy267.com,0,0,4,0.9772727272727273,0,3,0,25,1.0,1,0
1,www.tgexyay.top,0,0,1,1.0,0,1,0,16,1.0,1,0
1,www.the-eki.co-jp.makalo.hdtzfif.cn,1,0,0,0.9148936170212766,0,3,2,12,1.0,1,0
1,www.tjxaiqz.cn,1,0,0,1.0,0,3,0,6,1.0,1,1
1,www.tkndppi.top,0,0,1,1.0,0,1,0,16,1.0,1,0
1,www.tmnqmlm.cn,1,0,0,1.0,0,3,0,6,1.0,1,1
1,www.trlpfkk.cn,0,0,3,0.0,0,0,0,7,1.0,1,0
1,www.tslpwqg.cn,0,0,3,0.0,0,0,0,7,1.0,1,0
1,www.tvojidz.cn,0,0,6,1.0,0,2,0,20,1.0,1,0
1,www.tvydflu.top,0,0,1,1.0,0,1,0,16,1.0,1,0
1,www.txmhhej.top,0,0,1,1.0,0,1,0,16,1.0,1,0
1,www.tyzykfk.com,0,0,114,1.0,0,4,5,98,1.0,1,0
1,www.ukeiaoz.top,0,0,1,1.0,0,1,0,16,1.0,1,0
1,www.uozyufb.top,0,0,1,1.0,0,1,0,16,1.0,1,0
1,www.uqfpfwu.top,0,0,1,1.0,0,1,0,16,1.0,1,0
1,www.usps-manage.work,0,0,1,0.75,0,2,0,7,1.0,1,0
1,www.usps-redelivery.cloud,0,0,1,0.75,0,2,0,7,1.0,1,0
1,www.vcedmxi.top,0,0,1,1.0,0,1,0,16,1.0,1,0
1,www.veitlkp.cn,0,0,6,1.0,0,2,0,20,1.0,1,0
1,www.vgqdvnv.top,0,0,1,1.0,0,1,0,16,1.0,1,0
1,www.viewcard.ouzhu.net,0,0,4,0.6666666666666666,0,2,0,10,1.0,1,0
1,www.vlzije.cn,0,0,6,1.0,0,2,0,20,1.0,1,0
1,www.vqkbmfz.top,0,0,1,1.0,0,1,0,16,1.0,1,0
1,www.vtnjbnb.cn,0,0,3,0.0,0,0,0,7,1.0,1,0
1,www.wgz281.com,0,0,4,0.9772727272727273,0,3,0,25,1.0,1,0
1,www.whyynk120.com,0,0,4,0.9772727272727273,0,3,0,25,1.0,1,0
1,www.wlgtgvt.top,0,0,1,1.0,0,1,0,16,1.0,1,0
1,www.wrwmktl.top,0,0,1,1.0,0,1,0,16,1.0,1,0
1,www.wvgyyah.top,0,0,1,1.0,0,1,0,16,1.0,1,0
1,www.wywdkkq.top,0,0,1,1.0,0,1,0,16,1.0,1,0
1,www.xajzwxg.top,0,0,1,1.0,0,1,0,16,1.0,1,0
1,www.xdsejpi.top,0,0,1,1.0,0,1,0,16,1.0,1,0
1,www.xianguos.com,0,0,8,0.0,0,2,0,13,1.0,1,0
1,www.xinguang666.com,0,0,4,0.9772727272727273,0,3,0,25,1.0,1,0
1,www.xlxurjg.top,0,0,1,1.0,0,1,0,16,1.0,1,0
1,www.xouaygv.cn,0,0,6,1.0,0,2,0,20,1.0,1,0
1,www.xqqlckj.top,0,0,1,1.0,0,1,0,16,1.0,1,0
1,www.xqwceuhfsvpf.com,0,0,114,1.0,0,4,5,98,1.0,1,0
1,www.xryfiqu.top,0,0,1,1.0,0,1,0,16,1.0,1,0
1,www.xshaosay.com,0,0,8,0.0,0,2,0,13,1.0,1,0
1,www.xvbiquzctzfeqfr.com,0,0,114,1.0,0,4,5,98,1.0,1,0
1,www.y8dwqc.cn,0,0,6,1.0,0,2,0,20,1.0,1,0
1,www.yfefktf.cn,0,0,3,0.0,0,0,0,7,1.0,1,0
1,www.yifuc.com,0,0,114,1.0,0,4,5,98,1.0,1,0
1,www.yjjiancai.com,0,0,5,0.8,0,2,0,23,1.0,1,0
1,www.ynseny.com,0,0,8,0.0,0,2,0,13,1.0,1,0
1,www.yotlbal.cn,0,0,6,1.0,0,2,0,20,1.0,1,0
1,www.yqnksxv.top,0,0,1,1.0,0,1,0,16,1.0,1,0
1,www.ysuydij.top,0,0,1,1.0,0,1,0,16,1.0,1,0
1,www.yunlvkj.com,0,0,4,0.9772727272727273,0,3,0,25,1.0,1,0
1,www.yvtctek.cn,0,0,6,1.0,0,2,0,20,1.0,1,0
1,www.yyjydpl.top,0,0,1,1.0,0,1,0,16,1.0,1,0
1,www.z2si.cn,0,0,6,1.0,0,2,0,20,1.0,1,0
1,www.zcqfh.com,0,0,4,0.9772727272727273,0,3,0,25,1.0,1,0
1,www.zdahopi.cn,0,0,6,1.0,0,2,0,20,1.0,1,0
1,www.zdufskh.cn,0,0,6,1.0,0,2,0,20,1.0,1,0
1,www.zfrsdcc.cn,0,0,6,1.0,0,2,0,20,1.0,1,0
1,www.zhoumomeishi.com,0,0,4,0.9772727272727273,0,3,0,25,1.0,1,0
1,www.zhuanqian2.top,0,0,1,1.0,0,1,0,16,1.0,1,0
1,www.zhzdohh.top,0,0,1,1.0,0,1,0,16,1.0,1,0
1,www.zqvtovq.cn,0,0,6,1.0,0,2,0,20,1.0,1,0
1,www.zrdosfl.cn,0,0,6,1.0,0,2,0,20,1.0,1,0
1,www.zshaoplay.com,0,0,8,0.0,0,2,0,13,1.0,1,0
1,www.zuglcnm.cn,0,0,6,1.0,0,2,0,20,1.0,1,0
1,www.zxwo.top,0,0,1,1.0,0,1,0,16,1.0,1,0
1,www.zxylt.com,0,0,4,0.9772727272727273,0,3,0,25,1.0,1,0
1,www.zyhslfxdal.xyz,0,0,1,0.75,0,2,0,7,1.0,1,0
1,www2.japanpost.fhhwqjk.top,1,0,4,0.9615384615384616,1,2,0,13,1.0,1,0
1,www2.japanpost.hinyyzl.top,1,0,4,0.9615384615384616,1,2,0,13,1.0,1,0
1,www2.japanpost.lfvobuq.top,1,0,4,0.9615384615384616,1,2,0,13,1.0,1,0
1,www2.japanpost.mvocqia.top,1,0,4,0.9615384615384616,1,2,0,13,1.0,1,0
1,www2.japanpost.oldtqrl.top,1,0,4,0.9615384615384616,1,2,0,13,1.0,1,0
1,www2.japanpost.ujxxibd.top,1,0,4,0.9615384615384616,1,2,0,13,1.0,1,0
1,www2.japanpost.urmqdqi.top,1,0,4,0.9615384615384616,1,2,0,13,1.0,1,0
1,www2.japanpost.vlbjllv.top,1,0,4,0.9615384615384616,1,2,0,13,1.0,1,0
1,www2.japanpost.woddjqg.top,1,0,4,0.9615384615384616,1,2,0,13,1.0,1,0
1,www2.japanpost.xgqwopl.top,1,0,4,0.9615384615384616,1,2,0,13,1.0,1,0
1,wz-handset.com,0,0,9,0.0,0,1,0,31,0.9902912621359223,1,0
1,xgciauckc11.top,0,0,3,0.0,0,0,0,18,1.0,0,0
1,xiangetaway.com,0,0,3,1.0,0,1,2,12,1.0,1,0
1,xk56119119.com,0,0,6,1.0,0,2,0,20,1.0,1,0
1,xmview.cn,1,0,0,0.7142857142857143,0,2,1,11,1.0,1,0
1,xpc2dl.art,0,0,4,0.0,0,0,0,14,0.8125,0,0
1,xunjiecnh.com,0,0,12,0.25,0,1,0,28,1.0,1,0
1,y7reuq.serveusers.com,0,0,4,0.04929577464788732,0,2,1,43,0.9788732394366197,0,0
1,yakamz.com,0,0,9,0.0,0,1,0,31,0.9902912621359223,1,0
1,yet39.com,0,0,5,0.0,0,0,0,14,0.8888888888888888,1,0
1,youncen.com,0,0,9,0.0,0,1,0,31,0.9902912621359223,1,0
1,yr7ht0.serveuser.com,0,0,4,0.04929577464788732,0,2,1,43,0.9788732394366197,0,0
1,yrtyhdgs.onedumb.com,0,0,4,0.6666666666666666,0,1,1,14,0.7,1,0
1,yrwsjoj.cn,0,0,0,0.0,1,0,0,13,0.9787234042553191,1,0
1,yuju99.com,0,0,3,0.0,0,0,0,11,1.0,0,0
1,yukisushiwpg.com,0,0,3,0.07563025210084033,0,3,0,36,1.0,1,0
1,z0pzulfsfs.art,0,0,4,0.0,0,0,0,14,0.8125,0,0
1,zaeremiahe5.buzz,0,0,3,0.0,0,0,0,18,1.0,0,0
1,zcdstfrwet.proxydns.com,0,0,7,0.0,0,0,0,20,0.8421052631578947,1,0
1,ziedk.com,0,0,4,0.3333333333333333,0,1,0,8,1.0,1,0
1,ziujia.com,0,0,6,1.0,0,2,0,20,1.0,1,0
1,zkdepjv.cn,0,0,0,0.0,1,0,0,13,0.9787234042553191,1,0
1,zrthacsoe15.top,0,0,3,0.0,0,0,0,18,1.0,0,0
1,zvqljlzawbebu.com,0,0,3,0.3125,1,1,0,6,1.0,1,0
0,access.line.me,0,0,9,0.0,0,1,0,24,0.3333333333333333,1,0
0,api.saisoncard.co.jp,0,1,20,0.0,0,2,3,31,0.6944444444444444,1,0
0,appleid.apple.com,0,0,10,0.0,0,5,2,276,0.009070294784580499,1,0
0,auth.kms.kuronekoyamato.co.jp,0,1,19,0.0989010989010989,0,6,1,36,0.4866666666666667,1,0
0,bbss.softbankbb.co.jp,0,1,12,0.6666666666666666,0,2,2,36,0.9743589743589743,1,0
0,cfg.smt.docomo.ne.jp,0,1,18,0.0,0,1,2,40,0.0,1,0
0,checkout.famipay.family.co.jp,0,1,15,0.0,0,0,0,29,1.0,1,0
0,direct.smbc.co.jp,0,1,63,0.0,0,3,2,56,0.5633802816901409,1,0
0,direct.smtb.jp,0,0,5,0.0,0,1,0,24,0.9052631578947369,1,0
0,epauth.tepco.co.jp,0,1,81,0.6,1,2,5,59,0.4,1,0
0,grp02.id.rakuten.co.jp,0,0,19,0.25,0,2,0,13,0.37037037037037035,1,0
0,ib.resonabank.co.jp,0,1,45,0.125,0,1,1,46,0.9833333333333333,1,0
0,jallogin.jal.co.jp,0,1,36,0.125,0,1,2,40,0.6896551724137931,1,0
0,login.microsoftonline.com,0,0,11,0.6,0,1,0,31,1.0,1,0
0,login.paypay-bank.co.jp,0,1,75,0.0,0,1,12,90,0.5625,1,0
0,login.rackspace.com,0,0,4,0.0,0,1,0,11,0.8181818181818182,1,0
0,login.yahoo.co.jp,0,0,24,0.4166666666666667,0,2,1,28,0.07142857142857142,1,0
0,my.jcb.co.jp,0,0,34,0.0,0,2,1,39,0.6730769230769231,1,0
0,o2o.moneykit.net,0,0,24,0.0,0,1,1,31,0.7741935483870968,1,0
0,web.ib.mizuhobank.co.jp,0,0,5,0.0,0,1,2,10,0.7692307692307693,1,0
0,www.aeon.co.jp,0,1,76,0.0,0,1,3,50,0.9361702127659575,1,0
0,www.amazon.co.jp,0,0,31,0.0,0,1,0,26,0.75,1,0
0,www.americanexpress.com,0,0,47,0.028037383177570093,0,6,1,130,0.0625,1,0
0,www.ana.co.jp,0,0,12,0.0,0,2,1,18,0.8571428571428571,1,0
0,www.bybit.com,0,1,61,0.0,0,3,10,165,0.29605263157894735,1,0
0,www.eki-net.com,0,1,70,0.14545454545454545,0,4,5,59,0.9295774647887324,1,0
0,www.eposcard.co.jp,0,1,39,0.0,0,1,2,38,0.9381443298969072,1,0
0,www.netflix.com,0,0,12,0.2631578947368421,0,2,3,31,0.4666666666666667,1,0
0,www.onamae.com,0,1,108,0.12,0,2,10,84,0.944,1,0
0,www.online-a.com,0,1,80,0.5,0,1,9,55,0.92,1,0
0,www.rakuten-card.co.jp,0,0,15,0.631578947368421,0,2,3,31,0.125,1,0
0,www.smbc-card.com,0,1,115,0.04564315352697095,0,4,7,85,0.9674267100977199,1,0
0,www.viewsnet.jp,0,1,23,0.2857142857142857,0,2,0,25,0.9523809523809523,1,0
0,www2.etc-meisai.jp,0,0,4,0.0,0,0,0,10,1.0,1,0
0,account.adobe.com,0,0,7,0.0,0,1,0,18,0.7857142857142857,1,0
0,accounts.binance.com,0,1,47,0.25,0,1,4,86,0.42857142857142855,1,0
0,accounts.intuit.com,0,0,29,0.25,0,2,2,83,0.23076923076923078,1,0
0,app.bitbank.cc,0,1,43,0.0,0,1,0,115,0.2894736842105263,1,0
0,aswbe-i.ana.co.jp,0,1,51,0.058823529411764705,0,2,0,34,0.04,1,0
0,auth.hostinger.com,0,0,5,0.0,0,1,0,5,0.15384615384615385,1,0
0,auth.id2.zaq.ne.jp,0,1,104,0.25,0,1,7,64,0.7777777777777778,1,0
0,auth.oculus.com,0,0,104,0.0,0,3,0,262,0.0,1,0
0,auth.uber.com,0,0,23,0.0,0,0,1,41,0.0,1,0
0,auth.westjr.co.jp,0,1,8,0.6153846153846154,0,1,0,15,0.84,1,0
0,bitcash.jp,0,1,19,0.0,0,2,1,28,0.7142857142857143,1,0
0,bitflyer.com,0,1,81,0.020833333333333332,0,2,5,80,0.8024691358024691,1,0
0,bizmylink.ntt-card.com,0,1,16,0.0,0,1,0,15,1.0,1,0
0,bk.web.sbishinseibank.co.jp,0,0,122,0.0,0,1,4,58,0.9130434782608695,1,0
0,coin.z.com,0,1,23,0.1,0,1,1,42,0.7241379310344828,1,0
0,connect.auone.jp,0,1,33,0.25,0,1,1,16,0.7666666666666667,1,0
0,direct.jp-bank.japanpost.jp,0,0,14,0.0,0,1,1,18,0.5535714285714286,1,0
0,directg.s.bk.mufg.jp,0,1,33,0.0,0,1,4,42,0.43859649122807015,1,0
0,ebanking.bawag.at,0,0,30,0.03125,0,4,1,54,0.759493670886076,1,0
0,eowebmail.eonet.jp,0,0,1,0.0,0,1,0,8,0.2857142857142857,1,0
0,fes.rakuten-bank.co.jp,0,0,16,0.0,0,0,4,25,0.8571428571428571,1,0
0,fril.jp,0,1,57,0.1111111111111111,0,1,23,67,0.15,1,0
0,gate.aeon.com,0,1,18,0.0,0,2,1,31,0.9166666666666666,1,0
0,hd3.hokuyobank.co.jp,0,0,15,0.0,0,1,0,27,0.1111111111111111,1,0
0,homepage.nifty.com,0,0,0,0.08333333333333333,0,3,0,10,0.5294117647058824,1,0
0,ib.aeonbank.co.jp,0,1,31,0.0,0,1,0,49,0.14634146341463414,1,0
0,ib.chibabank.co.jp,0,0,15,0.0,0,1,1,28,0.19444444444444445,1,0
0,ib.jibunbank.co.jp,0,1,111,0.0,0,1,4,80,0.3055555555555556,1,0
0,ib.minatobk.co.jp,0,0,12,0.0,0,1,0,15,0.85,1,0
0,ib.saitamaresona.co.jp,0,1,24,0.0,0,2,1,29,0.5555555555555556,1,0
0,icas.sf.global,0,0,12,0.0,0,1,0,30,0.9354838709677419,1,0
0,id.auth.orico.co.jp,0,1,46,0.0,0,1,1,41,0.5,1,0
0,id.gmo.jp,0,1,18,0.7096774193548387,0,1,3,23,0.7045454545454546,1,0
0,id.my.softbank.jp,0,1,45,0.2,0,2,0,37,0.047619047619047616,1,0
0,id.so-net.ne.jp,0,1,51,0.5555555555555556,0,1,4,51,0.7142857142857143,1,0
0,internet-banking.dbs.com.sg,0,0,35,0.0,0,1,1,30,0.8387096774193549,1,0
0,kepco.jp,0,1,160,0.11363636363636363,0,3,6,135,0.927710843373494,1,0
0,login.anz.com,0,0,33,0.85,0,7,5,32,0.4857142857142857,1,0
0,login.aol.com,0,0,9,0.5714285714285714,0,1,5,22,1.0,1,0
0,login.api.mistore.jp,0,0,3,0.25,0,1,0,12,0.7333333333333333,1,0
0,login.auth.nhkid.jp,0,0,3,0.9090909090909091,0,1,0,12,1.0,1,0
0,login.e-tax.nta.go.jp,0,0,23,0.06060606060606061,0,3,0,31,0.8023255813953488,1,0
0,login.eonet.jp,0,0,29,0.3684210526315789,0,1,2,34,0.8571428571428571,1,0
0,login.jpid.pf.japanpost.jp,0,1,6,0.0,0,1,2,20,0.4375,1,0
0,login.ocn.ne.jp,0,1,18,0.3333333333333333,0,2,3,19,0.55,1,0
0,login.simmonsbank.com,0,0,9,0.0,0,1,0,26,1.0,1,0
0,login.sso.biglobe.ne.jp,0,1,20,0.1111111111111111,0,2,0,20,0.775,1,0
0,login.tokyo-gas.co.jp,0,1,30,0.0,0,2,2,34,0.5,1,0
0,m.btcbox.co.jp,0,1,14,0.0,0,1,3,15,1.0,1,0
0,mastersso.kanagawa-u.ac.jp,0,0,8,0.0,0,1,0,7,0.8181818181818182,1,0
0,mbh-online.jp,0,0,10,0.3333333333333333,0,2,0,27,0.9333333333333333,1,0
0,member.asoview.com,0,1,59,0.1111111111111111,0,1,5,51,0.967741935483871,1,0
0,mnc.mizuho-sc.com,0,1,22,0.06451612903225806,0,2,0,23,0.08928571428571429,1,0
0,my.tscubic.com,0,1,30,0.4666666666666667,0,1,4,28,0.6060606060606061,1,0
0,mydhl.express.dhl,0,0,132,0.04878048780487805,0,3,2,5,0.9870967741935484,1,0
0,mypage.ca-life.jp,0,1,11,0.0,0,1,3,18,1.0,1,0
0,mytcom.t-com.ne.jp,0,1,9,0.0,0,1,0,21,0.6842105263157895,1,0
0,netstation2.aplus.co.jp,0,1,21,0.11764705882352941,0,2,1,16,0.4594594594594595,1,0
0,oc.dti.ne.jp,0,0,7,0.8,0,3,1,11,1.0,1,0
0,online.bdo.com.ph,0,0,11,0.0425531914893617,0,4,1,6,0.42105263157894735,1,0
0,order.yodobashi.com,0,1,47,0.0,0,1,0,57,0.09090909090909091,1,0
0,ourearthproject.jp,0,1,14,0.14583333333333334,0,5,0,17,0.22641509433962265,1,0
0,pcmax.jp,0,1,33,0.02857142857142857,0,3,5,21,0.2857142857142857,1,0
0,publicapp.bakkt.com,0,0,14,0.21428571428571427,0,2,0,18,0.40540540540540543,1,0
0,reg.usps.com,0,1,31,0.1836734693877551,0,4,1,19,0.6986301369863014,1,0
0,regist.bbiq.jp,0,1,154,0.6666666666666666,0,1,19,95,0.9333333333333333,1,0
0,secure.bankofamerica.com,0,0,41,0.05263157894736842,0,2,3,59,0.515625,1,0
0,secure.sakura.ad.jp,0,1,23,0.0,0,1,0,46,0.7037037037037037,1,0
0,secure.tiki.ne.jp,0,0,2,0.0,0,1,0,6,0.8125,1,0
0,secure.xserver.ne.jp,0,1,21,0.0,0,1,3,32,0.8,1,0
0,shop.newbalance.jp,0,1,105,0.02962962962962963,0,3,8,93,0.8102893890675241,1,0
0,ssl.topcard.co.jp,0,1,20,0.0,0,1,0,16,0.92,1,0
0,sso.gmo-aozora.com,0,1,51,0.0,0,2,1,48,0.21428571428571427,1,0
0,sso.godaddy.com,0,1,36,0.0,0,1,0,108,0.1111111111111111,1,0
0,sso.hosteurope.de,0,0,10,0.0,0,2,2,16,0.5882352941176471,1,0
0,ssologin.bnpparibas.com,0,0,1,0.42857142857142855,0,2,0,5,0.6666666666666666,1,0
0,store.steampowered.com,0,0,16,0.23655913978494625,0,4,0,37,0.4166666666666667,1,0
0,support.hi-ho.ne.jp,0,1,49,0.9295774647887324,0,7,3,38,1.0,1,0
0,tohmatsu.smartseminar.jp,0,1,28,0.75,0,1,1,25,1.0,1,0
0,web1.plala.or.jp,0,0,3,0.0,0,1,3,6,0.8214285714285714,1,0
0,welcome.commufa.jp,0,1,12,0.375,0,2,1,24,0.7857142857142857,1,0
0,wis.pocketcard.co.jp,0,1,65,0.07142857142857142,0,2,5,50,0.13114754098360656,1,0
0,www.2ndstreet.jp,0,1,106,0.26666666666666666,0,2,12,78,0.16304347826086957,1,0
0,www.alpha-prm.jp,0,0,13,1.0,0,1,0,19,1.0,1,0
0,www.bbvaresearch.com,0,0,39,0.3050847457627119,0,6,1,43,0.20512820512820512,1,0
0,www.bitmex.com,0,1,12,0.3,0,1,0,32,0.9230769230769231,1,0
0,www.bittrade.co.jp,0,1,26,0.3157894736842105,0,2,1,22,0.7941176470588235,1,0
0,www.boy.co.jp,0,1,66,0.0411522633744856,0,5,1,139,0.761168384879725,1,0
0,www.costco.co.jp,0,1,26,0.026078234704112337,0,8,3,40,0.9931573802541545,1,0
0,www.daiwa.co.jp,0,0,17,0.4444444444444444,0,1,4,16,0.8888888888888888,1,0
0,www.direct.shizuokabank.co.jp,0,1,132,0.0,0,2,9,97,0.9024390243902439,1,0
0,www.direct.tr.mufg.jp,0,1,29,0.02608695652173913,0,3,0,27,0.918918918918919,1,0
0,www.e-service.sagawa-exp.co.jp,0,0,5,0.05263157894736842,0,2,0,13,0.46153846153846156,1,0
0,www.efirstbank.com,0,0,28,0.02040816326530612,0,4,3,63,0.8914728682170543,1,0
0,www.enemall.hepco.co.jp,0,1,68,0.06976744186046512,0,3,4,76,0.3684210526315789,1,0
0,www.facebook.com,0,0,35,0.1276595744680851,0,1,0,66,0.574468085106383,1,0
0,www.fedex.com,0,0,69,0.07547169811320754,0,2,2,35,0.22857142857142856,1,0
0,www.ib.kiwibank.co.nz,0,1,15,0.0,0,2,1,17,0.6206896551724138,1,0
0,www.instagram.com,0,0,57,0.29411764705882354,0,1,0,148,0.17346938775510204,1,0
0,www.jaccs.co.jp,0,1,34,0.0,0,2,2,9,0.5857142857142857,1,0
0,www.jalan.net,0,1,130,0.28205128205128205,0,1,6,99,0.9473684210526315,1,0
0,www.lei.jpx.co.jp,0,0,7,0.0,0,3,0,13,0.9642857142857143,1,0
0,www.linkedin.com,0,0,12,0.0,0,1,1,68,0.2608695652173913,1,0
0,www.mobilesuica.com,0,0,19,0.5555555555555556,0,2,0,12,0.9230769230769231,1,0
0,www.ncb-direct.ncbank.co.jp,0,1,30,0.0,0,1,1,45,0.9459459459459459,1,0
0,www.netbk.co.jp,0,1,186,0.0,0,2,6,90,0.9774436090225563,1,0
0,www.nissenren-aomori.jp,0,1,4,0.6,0,1,0,12,0.6666666666666666,1,0
0,www.nitori-net.jp,0,1,143,0.10526315789473684,0,2,9,83,1.0,1,0
0,www.okiden.co.jp,0,0,6,0.0,0,3,0,19,0.4642857142857143,1,0
0,www.ovh.com,0,0,13,0.5,0,1,0,12,0.875,1,0
0,www.parasol.anser.ne.jp,0,0,27,0.25,0,1,0,42,1.0,1,0
0,www.paypal.com,0,0,20,0.0,0,3,3,18,0.8695652173913043,1,0
0,www.suidoapp.waterworks.metro.tokyo.lg.jp,0,1,14,0.0,0,11,0,341,1.0,1,0
0,www.usaa.com,0,0,22,0.0,0,2,1,7,0.18181818181818182,1,0
0,www.wpc-store.com,0,1,24,0.11764705882352941,0,3,0,38,0.989247311827957,1,0
0,www1.micard.co.jp,0,1,56,0.019417475728155338,0,5,1,30,0.3793103448275862,1,0
0,www2.cr.mufg.jp,0,0,16,0.08490566037735849,0,4,0,23,0.7828282828282829,1,0
0,www3.idpass-net.nenkin.go.jp,0,0,7,0.16666666666666666,0,2,0,18,0.7777777777777778,1,0
0,www3.lifecard.co.jp,0,1,104,0.2222222222222222,0,1,10,95,0.9444444444444444,1,0
0,www3.zf1.tohoku-epco.co.jp,0,1,61,0.0,0,2,4,51,0.8260869565217391,0,0
0,zozo.jp,0,1,80,0.36363636363636365,0,1,6,69,0.8666666666666667,1,0
